host_id,host_name
3436665,Hanna
26710300,Jack
65554077,Luo(äç?)
14942,Joyce
30559,Angielena
31481,Cassie
31481,Cassie
14942,Joyce
33360,Laura
102684,Amanda
30559,Angielena
107605,Al
340192,Angela
331494,Anne
926885,Jamie & Kyle
587302,Danni
103825,Patricia
3520873,Philippe
601600,Hal
378445,Ralph
1611114,Craig
558743,Natalie
3620313,Catherine
306615,Tara
2070664,Gillian
804996,Nadine
316200,William
601266,Tim And Pam
3740695,BleuPapillon
2438665,Flor
3737272,Cheryl & Steve
3932149,Amy
1037115,Rose And Glen
3991908,Becky
209571,Cheryl
1872473,Trong And Annie
30559,Angielena
956883,Maija
956883,Maija
1336214,Kim
4181120,Candace
1387754,Dot & Lucy
4133943,Jill
1452570,Emily
4411144,Emma
721070,Suzanne
1204187,Kara
4421734,Tara
1717589,Judy
287172,Laura
287172,Laura
1729224,Marlow
3264544,Fabio
4678869,Errin
1788284,Eric
4705328,Lisa
306615,Tara
1787819,Saint
1025723,Dirk & Jaq
365687,Erik
4186078,Trung
5486919,Nicole
5567436,Larry & Suzi
1865986,Sheldon
1121532,Melissa
5387574,Sara
5635244,Shannon
3313235,Leslie
5736221,Lene & Johnny
437055,Jyoti And Tushar
2094547,Samantha & Peter
5774906,Carter
2739131,Chad & Ruben
165390,SeattleStays - Seth Gordon
6031552,Jeanie
3921530,Ann Petrich
5856339,Anne And Peter
165390,SeattleStays - Seth Gordon
2222321,Deb
1121532,Melissa
1870781,Diana
2342082,Marilyn
3074414,Melissa
3921530,Ann Petrich
3921530,Ann Petrich
2431399,Jay
6305984,Sarah
2438665,Flor
2612779,Serina
3294357,Grace
1787819,Saint
306615,Tara
2774354,Kristin
4485958,Phil And Andrea
2781551,Ron
6432543,Jenny
6506114,Andy
2438665,Flor
30559,Angielena
6506114,Andy
2613029,Jeffrey
103427,Jacqueline M
6654033,"April, Mike, And Maggie"
103427,Jacqueline M
3018655,Louise
6846442,Laurie
3022709,Laura
3023407,Nan
3009864,Jessica
3074414,Melissa
3032548,Joanna
6931145,Karen
3074414,Melissa
7066141,Kimberly
3139639,Alicia
468703,Corinne & Tom
3074414,Melissa
3181546,Farhad
6592975,Huong And Bill
5112492,Leah
1121532,Melissa
3074414,Melissa
3294357,Grace
3340441,Roberta
6136210,Nicole
3074414,Melissa
3074414,Melissa
8905591,David
7730805,Stephanie
8916363,Paige
7804761,Yvonne
3074414,Melissa
8956137,William
1212520,Jeremy And Rachael
3074414,Melissa
316200,William
316200,William
3074414,Melissa
3074414,Melissa
8956137,William
8956137,William
3650951,Candace
1214247,Marcell
8284327,Anna
9148911,Constance
8315334,Robert
3074414,Melissa
4384828,Monique
8026420,Sheldon
3593244,Brittni
8315334,Robert
9450725,Ron
5692720,Amy
3464851,Ev
681242,Heather
9533123,Pam
8501598,Stan
197690,Trishann
197690,Trishann
3074414,Melissa
9671138,Susanna
8660724,Deb
3118422,Julie
15060417,Ginny
1121532,Melissa
9890727,Stephen
2497928,Gary And Beth
2066223,Patricia
1730412,Desdemona
9975709,Bea
2781551,Ron
3074414,Melissa
8315334,Robert
12086787,Marcus
10014839,Timothy
1121532,Melissa
2231298,Chris
10235544,Scott (Aka Skip)
15566972,Scott
5525120,Esther
4152568,Barrie
10392662,Sheryl
10437300,Paul
5014920,Jeff
3074414,Melissa
1865986,Sheldon
9187497,Ellen
8284327,Anna
10771753,Abe
6680836,Dimple
3074414,Melissa
10977007,Michelle
12171359,Diane
3074414,Melissa
6668610,Don
13697241,Bonnie
30559,Angielena
3074414,Melissa
11206862,Tammi
16708587,Jill
3074414,Melissa
11580391,Shawn
16727906,Tory
11737076,Donna
14138534,Jill
225830,Lee & Steve
3074414,Melissa
1123549,Sandy
16255476,Ken
8403307,Mario
10219841,Conni & Stew
5112492,Leah
12483454,Kelly
16587333,Rob And Jessica
12509177,Susan And Joel
17342935,David
7730805,Stephanie
12575330,Megan
2824920,Gerrit & Ann
1801138,Shauna
6668610,Don
5635244,Shannon
12657870,Robert
3152296,Lynda
301273531,Ali
17834927,Jeffrey
12913415,Michelle
1809801,Becky And Jim
5570855,Marian
525710,Libby
13786062,Lucy
5507715,Stephanie
1859394,Andrew
2536735,Akiko
1452570,Emily
4485958,Phil And Andrea
19207515,Mariya
1375021,Charlotte & Larry
13386991,Kelly
3074414,Melissa
1123549,Sandy
197690,Trishann
832888,Matt And Jess
13364937,Kelly
19292422,Claire
13266307,David
18232665,Kim
33360,Laura
19346435,Howard
13669439,Matthew
33360,Laura
2231298,Chris
19660469,Jil
106972,Kelly
19756727,Jamie
13786062,Lucy
13786376,Manuela
19928221,Debbie
10392662,Sheryl
6985440,Debbie
20184201,Sherry
13959773,Rose Michelle
20220925,Ezana
601600,Hal
1611939,Andrew
14107195,Jean-S??bastien
8642533,Sasha
6576807,Karen
7307064,Beth
14372052,Kathleen
8616799,Jana
20873639,James
10061445,Roland
3381463,Katrina
8607308,Lisa
10061445,Roland
2325108,Josh And Nicole
3074414,Melissa
6584748,Sean And Karla
13786062,Lucy
13240442,Adam
14012754,Lara
6533205,Lauren
14926558,Sarah & Katie
19294641,Derek
3074414,Melissa
14015217,Elsie
9058822,Andre And Joel
3074414,Melissa
3074414,Melissa
19193158,Faith
20219463,Dan
1628476,Ralph
11600938,Brian And Kylie
21816248,Ramnika
22737225,David
4199445,Liam
1379358,Peter
21687926,Iain
5707983,Kimberly
2231298,Chris
1030035,Lara
919364,Jeff
3074414,Melissa
17571737,Cathy Patnoe-Brandt & John
2824268,Jeff
22218808,Donna
19039209,Ted
2051621,Kristi
9058822,Andre And Joel
23169254,Jessica
23049722,Jason & Courtney
9033582,Jenn
4634468,Amy
17467433,Ryan
3074414,Melissa
22840181,Samantha
31032387,Susan
22086361,Rachelle
23591558,Jason
12092874,Craig And Sarah
19598332,Reid
4193,Jessica
23755821,Patty
13042181,Kim
23878721,Sallie
2334189,Tracy
7488822,Bernard
23916634,Cyndy
32005391,Veronica
23972943,Joy
4160438,Evan
24087447,Lela
7556974,Peggy
32169894,Laurie
1304769,Lilia
9555983,Dennis
2318574,Annie
17469341,Chris
32426630,Kevin
16255476,Ken
10283735,Mayza
32099252,Kristin
1121532,Melissa
5112492,Leah
7441000,Carrie
32552913,P.H.
32932119,Tori
24526173,Connie
33124681,Cheryl
6047879,Elizabeth
4540222,Stina
7740890,Daniel
19992117,Nora
8280295,Zachary
23468824,Dominick
10199216,Nicole
6120181,Suzanne And Craig
32377507,Hugo
20521336,Dave
2593671,Eric
6807326,Jenny
149902,Robert
4540636,Tri
25547379,Fern
25636571,Ben
5040298,Bev
17740302,Analisa
25746073,Shawna
30049045,Tim And Christy
534305,Laurie
34779932,Marc
25971312,Kanjin
20765151,Elizabeth
25971312,Kanjin
26032511,Tracy
34859303,Judy
10194168,Hollis
34953514,Jeffrey
5112492,Leah
15502197,Kimberley
35001718,Tina
9555983,Dennis
24916371,Mc
26475960,David
3078136,Elizabeth
3074414,Melissa
26766503,Miriam
19862778,Thomas
27128557,Louis & Kevin
33515006,Andrew
27128557,Louis & Kevin
27054652,Dan
35492206,Matthew
35566596,Nick
1870462,Amy & Sean
27663401,Manlio
8414513,Jared
3074414,Melissa
3969704,Anna
6746292,Susie
707754,Molly And Chris
27322459,Drew
25274592,Kassy
35909495,Lawrence
5464287,Kelly
8642533,Sasha
27919460,Princeton
36373396,Greg
4411144,Emma
3074414,Melissa
2781551,Ron
26232234,Jen
13877700,Jeff
5976835,Susannah
9746094,Beth
30049045,Tim And Christy
28375755,Barbara
18947211,John
13669439,Matthew
828164,Emily
10936741,Barbara & Andy
28653007,Andrew
19660299,Daniel And Teresa
26630462,Gretchen & Sidney
37101658,Heberto
6587854,Aliza
37151043,Jessica
2696775,Elfriede
7376011,Barbara
33360,Laura
37283489,Debbie
22372266,Sarah
37349992,John & Bridget
37461306,Rory
4610250,Elyse And Earl
20184201,Sherry
5072241,Jennifer
37795322,Mie
25243138,Mat
30550537,Terry
37801519,Jackie
3074414,Melissa
29824474,Rachael
17225510,Jk
53050,Robert
37373833,Minh-Chau
13240442,Adam
3074414,Melissa
38090170,Bobby
37584695,Jonathan
34656171,Sharon
38153873,Jennifer
38271728,Emily
335170207,Irwan
4716190,Timothy
29449549,Bill
38407350,Lisa
36633617,Angie
13621927,Tracy
26017435,Roger
38474213,Jessie
32134569,Kathleen
38502645,Ron
38034415,Kristen
38514732,Lars
3074414,Melissa
5570855,Marian
44186779,Maggie
38697694,Nick
32522941,Gayle
3464503,Cathy
7274409,Kelly
44340751,Susan
386924759,Bob
13869873,Heather
2144954,Ryan
16063650,Sarah & Mark
1212520,Jeremy And Rachael
38514732,Lars
42640004,Nicholas And Rebecca
39243231,Meg And Seamus
3502513,Jennifer
12951431,Michael
1212520,Jeremy And Rachael
9602191,Wynia
26736911,Elizabeth
39456755,Jenifer
41402752,Kendall
38370991,Joel And Sarah
93917349,Stephen
1183674,Lisa
316200,William
13200167,Kumail
39871730,Sarah
3074414,Melissa
18017462,Sara
45680524,Hsiu
2777369,Angela
39401590,Brian
10553813,Erin
3265476,Regina & Bo
13424313,Magnhild
40122496,David
18687921,Tim
8026420,Sheldon
46428878,Curtis
13960065,Alan
46566046,Glen
3286649,Michael
5011779,Karin
36057637,Martha
44101586,Regina
986445,Tri
3022709,Laura
40398665,Mariluz
47064683,Brook And Cat
9060841,Ruby
301107,Perry
398005,Trevor
724729,Tania
32377507,Hugo
301107,Perry
2594393,Shay
26475960,David
41056418,Andy And Betty
21149225,Anne
34665595,Lisa
32932119,Tori
335170207,Irwan
956883,Maija
3074414,Melissa
30988044,Judy
41193990,Julia
10558142,James
47929873,Brent
41487915,Eric
469819,Tina
1645336,Lisa
48002378,Moira
10809703,Kelsey
11853720,Kristin
48299575,Kenny
4181260,Joe
39703249,Chris
10397663,Dea
7905102,Michael And Kelley
48604323,Matt And Amy
41775435,Mehrit
1039322,Manomi
41775435,Mehrit
41846073,Pamela
11656980,LaDora
45329766,Christa
1393266,Mark
48441443,Savannah
41775435,Mehrit
42157539,Heath
6407320,Varun
23093151,Danielle
20435133,Matt
42393640,Jonelle
49292151,Paul & Izabela
11039803,Denise
4071088,David
9840816,Matthew
9840816,Matthew
23972943,Joy
26498368,Peggy
42777993,David
23972943,Joy
8802134,Cara
9832490,Jamie
44101586,Regina
27329128,Jorge
2911360,Ren
43225269,Holly
34238325,Pamela
47638002,Devon
43281593,Ann
6097333,Karen
3074414,Melissa
1551432,Tiffany
50554731,Irvin
22680126,Sally
1249440,Deborah
15178583,Jennifer
50586425,Melissa
340192,Angela
50596206,Jeanine
35563669,Priscilla
24485668,Eddie
50862682,Maureen
3236051,Soumya (SK)
50943410,Don
15438773,Jessica
3740695,BleuPapillon
38387186,Jennifer
51601030,Susan
40753107,Leela
22829514,Allyson
51002035,Ryan
52869748,Ron
8481644,Katha
4874276,Sarah
43798906,Terry
32689598,Lori
53169216,Judy
2316284,Leah
32631462,Johanna
53222841,Charlie
4221474,John
805729,Sid
42243933,Jenni
37091369,Susan
8137728,Tom
33610698,Alejandra
36141279,Becky
53892581,Teresa
1942286,Karen
12677600,Joe
54410852,Amy
54494966,Szymon
54518454,Debra
30365082,Sarah
39395381,Anne Marie
6067870,Alan
55154753,Tamara
41431186,Carol & Ian
55450249,Neil
28339583,Neil
68186108,Sabina
22764472,Krystal
24786046,Shawn
68385710,Leslie
42619492,Kari
16718874,Patrice
48441443,Savannah
24363136,Andrew
53624504,Mariann
10013531,Cate
68858041,Sara
30388246,Daniel
29517730,Marilyn
49819362,Eliza
61853491,Jennifer
56911340,Tim
17982106,Kirk
10981379,Jan
21021151,Carrie
63674214,Liz
57465462,Fifi
31404048,Elaine & David
7940078,John
4754874,Bobby
10320128,Jana
69864273,Karen
20472799,Tamara
57465462,Fifi
5312600,Rainer
19984963,Sarah
58929617,Rose
70204462,Debra
10013531,Cate
70364055,Douglas
10981379,Jan
13200167,Kumail
316200,William
13345485,Tim
49894948,Karen
58929617,Rose
37151043,Jessica
7697679,Debby
10013531,Cate
51863050,Christine
57569802,Susan
3074414,Melissa
54669634,Paul
59816374,Kathy
4874276,Sarah
33360,Laura
71235244,Robert & Julia
65959768,Em
6426308,Charlie
2277537,Sally
40903607,Kevin
60543758,Tim
48819046,Rob
60557253,Michael & John
5029583,Kate
37101658,Heberto
10981379,Jan
46428878,Curtis
64483941,Monica
61141478,Martha
32861554,Nancy
47332984,Keith
14659774,Greg And Mary
10013531,Cate
65832379,Juliet
5478198,David
20293076,Anya K
51040817,Robin
49741319,Theo
59914738,Drew
209571,Cheryl
1543665,Kaela
5548832,Christie
28653007,Andrew
62956167,Cameron
28653007,Andrew
10981379,Jan
3074414,Melissa
45680524,Hsiu
762860,Julia
28824732,Sharon
63674214,Liz
50862952,Darren
3074414,Melissa
63674214,Liz
73272162,Yasuko
63157637,George
55993439,Mel
3074414,Melissa
57285609,Katarina
73038446,Glen
55818779,Caroline
241762,Mark
25968742,Leslie
12428846,Megan
13960065,Alan
28878401,Fred And Jennifer
10013531,Cate
15454102,Jen
15942582,Corporate Condo
65530409,Morris & Sheila
74533120,Gretchen
65653719,Mark
3074414,Melissa
40128399,Debra
65759888,Norman And Renate
65832379,Juliet
1700743,Jeff
25971312,Kanjin
3752499,Donna
11164643,Megan
14012754,Lara
658155,Joe
66111007,Jenifer And Chris
48441443,Savannah
32631462,Johanna
76151472,Michelle
4792476,Alissa
2438665,Flor
66755146,Jason
31354928,Ken & Patti
66909032,Randy
658155,Joe
658155,Joe
658155,Joe
3394576,Bridget
77362533,John
106972,Kelly
25373047,Andrew & James
12420261,Kari
3074414,Melissa
24526173,Connie
67398398,Emma
14012754,Lara
78286472,Shan
119547328,Margui
15381977,Glendora
13786062,Lucy
87816533,Stefan
316200,William
26475960,David
33139872,Amanda
282364,Meade
91586609,Saysha
2696775,Elfriede
53650144,Ashley
21922223,Karra
1838818,Kia
5325813,Greg
32734364,Peter
53650144,Ashley
11246556,Kari
3074414,Melissa
92376697,Mark And Robin
13621927,Tracy
12420261,Kari
17935405,Anna
89929099,Tess
4052132,Melissa
17935405,Anna
6680836,Dimple
57960995,Jacki
54518454,Debra
9605780,Alex
2834838,Kangie
15502197,Kimberley
80917114,Lauren
54518454,Debra
17576448,Janet
28763024,Yoyo
25736673,Renee
7940078,John
71140572,Wendy
2777054,Stacia
5644416,Courtney
3074414,Melissa
55486846,Charlie
11280258,Abram & Arthur
80553994,Tanya & Tom
150488044,Toni Marie
3655509,Patric
81340762,Eric
71374903,Krisanne
54669634,Paul
37224930,Ann
14489132,Laurie
88232958,Patti
48499062,Tamara
7076008,Ed
55061165,Bev & Grant
14765995,Nicole
7390401,Preben
17269911,Rob
76993344,Jeff
63674214,Liz
36436545,Brian
2754788,Amaris
78134139,Michael
14012754,Lara
50596206,Jeanine
9359786,Aaron
4791197,Betty
75505193,Caleb And Sharsti
75505193,Caleb And Sharsti
7940078,John
39233972,Eli
81340762,Eric
85720083,Cheryl
43281593,Ann
3074414,Melissa
24988433,James
60805143,Rebecca
18947211,John
86165300,Jared
23549241,Kate
84774732,Mardy And Kate
11398060,Matt
3074414,Melissa
72207110,Cheryl & John
24228450,Jenny
3074414,Melissa
89042696,Hung
70667886,Lisa
74727763,Malinda
89175627,Saad
1227807,Margaret
88020855,Jonathan
5797957,Darren
25971312,Kanjin
90344123,Eric
91879440,Diane
86916137,Paula
6807326,Jenny
40243315,Olivia
32012113,Kerry
78286472,Shan
162159097,Donald
14416668,Mahi
17581212,Tim And Arlene
1548003,Michael
1548003,Michael
1548003,Michael
1548003,Michael
41044,Lisa
1806062,Nathan
96339756,Julie
35161537,Manasa
4286083,Christine
44186779,Maggie
21525999,Brian And Claudio
33244493,Thanh
4244686,Emily
34128435,Brandon
80750480,Jennifer
104193136,Levi
2777054,Stacia
97324046,Geeta
75107528,Jody And Ray
88569866,Judy
986445,Tri
97413943,John
25203301,??zg?¨
44468800,Greg
44468800,Greg
54669634,Paul
18497963,Sara
18497963,Sara
106661821,Jakob
10021172,Micheal
2033580,Anthony
43428773,Daniel
89042696,Hung
107076441,Karen
30832,Siena C.C.
4508551,Katie
50246148,Natasha & Ken
107500706,Eric
97413943,John
107551754,Shana
54669634,Paul
89042696,Hung
54518454,Debra
22745115,Tommy
29995399,Daphne
85152563,Laura
34002693,Jeffrey
97413943,John
108156605,Betsy
9974499,Jenny
63674214,Liz
91766001,Dp
35161537,Manasa
108576473,Melissa
107500706,Eric
2172953,Dominique
40122496,David
109269285,Stephanie
109483997,Tolle
1318247,Ethan & Sarita
95570325,Amir
83564971,Giovanna
4375327,Beatriz
1632640,Karin
99402000,Monika And Heidi
49819362,Eliza
453540,Sid
28739796,Allison
80333752,Ashley & Mike
99528063,Ali
7008342,Heywood & Julia
100126629,Phuong
41285599,Naomi
23130430,Cindy
22084837,Kristi
110895565,Ray
52009006,Joseph
100819815,Michael
98462282,Ernie
10534771,Lisa
108482930,Michael
799089,Michael
11297697,Scot
33771988,Sabina
22903020,Owen
111772553,Hellen
111860199,Wendy
93010837,Molly
5523365,Nick
49728425,Hobie
71872719,Abe & Dave
1838818,Kia
41381863,Josephine
100235648,Christine
22816006,Seth
112624618,Jing
71500140,Danish
113093162,Martin
50608719,Pete
2911360,Ren
14239076,Roger
38021932,Rocky
9840816,Matthew
40706640,Cathy
9740329,Marcia And Corey
78286472,Shan
15454102,Jen
52724121,Clara
103598424,Amanda
38194322,Amie
57785965,Paola
50586425,Melissa
3805377,Beth
103858623,Susan
88059422,Megan
453540,Sid
9058822,Andre And Joel
943212,Grace And Benson
453540,Sid
65959768,Em
27833938,Laura
58273695,Blythe
6137030,Stephen
53650144,Ashley
17269911,Rob
57960995,Jacki
115580577,Colleen
48713885,Patrick
1979300,Justin&Vicky
115592523,Leland
3962006,Colleen
8355603,Yulana
115838490,Wendy
118738966,Trung
6137030,Stephen
658155,Joe
113731151,Mike And Lori
115961154,Kathy
22816006,Seth
17834927,Jeffrey
111066204,Erlinda
13068968,Sara & Barry
111066204,Erlinda
17257250,Casey
117593676,Lori
66517414,Lynn
10087675,Alice
13379818,Stephanie
37265715,Catherine & Daniel
5468952,Jennifer
127598952,Kristy And Joe
18342756,Becky
6703128,Audrey
3074414,Melissa
52272417,Emma
81881929,Mary
72574170,Michael
31747288,Masha
9349809,Kathy
76581967,Karleen
1571032,Tyra
108053175,Andy
108053175,Andy
116124281,Jamie
3074414,Melissa
23709757,Tamara
117993648,Lisa
21973544,Sean & Meg
6746292,Susie
41118081,Dale
121279612,Jeff
16958396,Lily
28420265,Sherry
105081920,Linda
119259363,Bob & Ting
84891625,Lisa Yoga
17162606,Corey And Felie
9390028,Laura
802398,Bill And Michael
105567017,Tawnyel
39834464,Vera
802398,Bill And Michael
95016161,Douglas
4874276,Sarah
14062900,Shawn
104193136,Levi
3557909,Matthew
1420604,Adam
112624618,Jing
3074414,Melissa
3074414,Melissa
66909032,Randy
120264713,Ryan And Molly
44096989,Virginia
39075448,Miz
78134139,Michael
1838818,Kia
14062900,Shawn
14062900,Shawn
53552204,Randy
4874276,Sarah
1504972,Vic
66909032,Randy
66909032,Randy
17269911,Rob
17269911,Rob
7244540,Christina
123656742,Rachel
130677755,Tophe
4037804,Yen
14062900,Shawn
130936311,Roman
13103462,Michelle
130945609,Kelly
16063650,Sarah & Mark
10491318,Vedad
39755506,Jamal
124853735,Joy
17269911,Rob
347674,Steve
23165254,Lux
23165254,Lux
2013576,Lee
32138006,Yuehua
131674050,Scott
29517730,Marilyn
34298557,Sue
54660,Dennis
44468800,Greg
4037804,Yen
918867,John And Debbie
16151000,Jenny
46561545,Shawn And Ted
3159130,Eric
2309350,Michelle
2715434,Megan
49819362,Eliza
29517730,Marilyn
31604886,Elon
29003959,Ashley & Blake
26815448,Dina
6985440,Debbie
1318247,Ethan & Sarita
3653501,Cara
126116834,Tom
47332984,Keith
133015453,Janet
126678159,Dana
4137246,Joshua
13833,Jeff
29664875,Christine
107834755,Silvana
59490761,Mathew
20045693,Lisa
15502197,Kimberley
10534771,Lisa
453540,Sid
116763780,Tarah
20130582,Hailey And Dave
5101107,Grant
3074414,Melissa
15732960,Massimo & Mary
8117628,Joshua
135299109,Mara
1702858,Gerry
1212520,Jeremy And Rachael
6495905,Andrea
127286309,Brian
3074414,Melissa
135690660,Bibiana
135583295,Marcus
52542927,Jill
5167419,Lucy And Chris
140421,Aleksandra
22121954,Stephanie
85076667,Sabrina & Perry
137414994,Patrick
85076667,Sabrina & Perry
27066609,Hayley
18973577,Xinyu
41947998,Muni
81206141,Kp
33776918,Sonia
75924772,Mike
27322459,Drew
4244769,Gabrielle
116740214,Luke
137414994,Patrick
6171087,Becca
903177,Max
12194562,Kazami
44113701,Sara
55046216,Cavin
7074357,Anne
28420265,Sherry
2703575,Courtney
52640557,Bryan
4874276,Sarah
65237421,Marti
160477510,Carey
135304150,Lorraine And Uffe
108270305,Joyce
138214686,Jen
336506,John
145005066,Vincent
101285257,Jenny
22027933,Kathryn And Tom
3725854,Jocelyn
8677106,Becca
111066204,Erlinda
111066204,Erlinda
111066204,Erlinda
141688566,Mt. Baker Home
3074414,Melissa
145335954,Laree
2003104,Katherine
47595129,Jen
141688566,Mt. Baker Home
145720154,Chima
145720154,Chima
141688566,Mt. Baker Home
3074414,Melissa
10704748,James
145720154,Chima
62797356,Kelley
64476965,Jodi
23904049,Joshua
111066204,Erlinda
138924514,Vacasa Washington
138924514,Vacasa Washington
138924514,Vacasa Washington
138924514,Vacasa Washington
138924514,Vacasa Washington
138924514,Vacasa Washington
138924514,Vacasa Washington
138924514,Vacasa Washington
138924514,Vacasa Washington
138924514,Vacasa Washington
138924514,Vacasa Washington
138924514,Vacasa Washington
138924514,Vacasa Washington
138924514,Vacasa Washington
138924514,Vacasa Washington
138924514,Vacasa Washington
138924514,Vacasa Washington
141688566,Mt. Baker Home
117677707,David
137379895,Tina
4957019,Cynthia
23094965,Naomi
3286649,Michael
2080018,Cassie
2013576,Lee
20180013,Andrew
146531416,Janine
53466225,Gerard
10235544,Scott (Aka Skip)
146699128,Lorraine
6992010,Annie
104055570,Nancy
273140960,Debbie
12938596,Katie
21290502,Diana
141058204,Corey And Sandy
76257497,Suzanne
35246779,Didi
9621755,Seth
147540791,Susan
11383663,David
18688599,Janet And Betty
2488409,Max
86157147,Lyle
57465462,Fifi
147540791,Susan
3074414,Melissa
142248716,Brian
14107195,Jean-S??bastien
40881069,Ty
2033580,Anthony
85076667,Sabrina & Perry
21657484,Chad
142337722,Terry
72507096,Tiffani
4335914,Chasten
5819249,Claire
5819249,Claire
12367586,Elisabeth And Joe
385021064,Justin
2470970,Rob
51517056,Keith & Lauren
13701143,Ali
6199233,Vanessa
142928226,Alice
340192,Angela
144703346,Vidya
56662173,Jim
13701143,Ali
31354928,Ken & Patti
2504722,Kate
143424133,Robert And Dianne
6746292,Susie
11164643,Megan
149182566,Tuan
57590612,Tulika
126687649,Anne
149435895,Allyson
751008,Elaine
149256684,James
38412338,Jonathon
18250886,Jay
22588057,Darcie
8636983,Amy
28474312,Pam & Byron
153268056,James
3600414,Steve
14557091,Lisa
34478345,Adam & Martha
17269911,Rob
16913534,Stephanie
6483877,Brad
2013576,Lee
65430246,Cristiany & Todd
140647135,Vaychee And Chris
97217149,My Nhung
24702474,Wesley
154379764,Suzanne
149757297,Ken & Evie
31280,Le
385021064,Justin
66372443,Sara
26679238,Vela
3105372,Eleanora
111981295,Theodore
3792761,Kimberly
154874517,Margaret
8642533,Sasha
1700743,Jeff
101315084,Skye
2373575,David
54669634,Paul
1717589,Judy
43966654,Jon & Barb
132729805,Amy
5308727,John
10406036,Larisa
147540791,Susan
54518454,Debra
151988464,NJ And Sandy
1204290,Ian
16580950,Larry
54518454,Debra
113884226,Cindy
8402666,Myra
31280,Le
54518454,Debra
83196787,Lori & Greg
2476907,Maya
2645609,Marc
45329766,Christa
1838818,Kia
37151043,Jessica
68052625,Maura
89025015,Rachel
38118149,Eric And Olga
13701143,Ali
149435895,Allyson
8733910,Shelley
62648116,Steve
82858202,Matthew
113311459,Brian
44095904,Linda
13701143,Ali
86391649,Anna
145165834,Kay
49209595,Sam
1991383,Shelly
84563935,Matt
45043494,Wendy
56784852,William & Jimi
8916363,Paige
13110325,Bob & Jeanette
162400697,John And Dixie
8711250,Tita
114858194,Elisabeth
253059,Marie
111813201,Vacasa Washington
162698280,Kayla
57285609,Katarina
7874632,Ben
41164311,Tanya
72623544,Jeri
73484597,Lee
73484597,Lee
73484597,Lee
73484597,Lee
73484597,Lee
68158352,Mj
74874305,Karen
7977439,Jess
824019,Linda
10981379,Jan
10981379,Jan
672972,Sara
9018606,Michelle & Ferran
2754788,Amaris
162930610,Shekhar
86157147,Lyle
362814236,Dickie
160746432,Thu
107279528,Susan
26372793,Anna
114858194,Elisabeth
39197760,Sarah
3521745,Alex
80383662,Lori & JK
385021064,Justin
153566584,Billy
8269568,Alexander
12856022,Jenny
138924514,Vacasa Washington
22588057,Darcie
161760659,Martha
164507760,Katherine
32553756,Leire
1276597,Shoshana
802398,Bill And Michael
362814236,Dickie
121688409,Evolve
10161350,David
89000296,Kris
125247394,Codi
3584275,Daniel
109483997,Tolle
55994209,Jen
160949668,Richard
784322,Austin
28420265,Sherry
4843543,Yarrow
245266,Michelle
54812088,Lynne
54812088,Lynne
54812088,Lynne
54812088,Lynne
54812088,Lynne
54812088,Lynne
54812088,Lynne
79720246,Karen
54812088,Lynne
54812088,Lynne
54812088,Lynne
54812088,Lynne
54812088,Lynne
54812088,Lynne
54812088,Lynne
54812088,Lynne
54812088,Lynne
54812088,Lynne
54812088,Lynne
36008609,Sam
32456479,Iris
19409902,Tyler
109742467,La Fonda
14039232,Cristine
66529538,Pamela
42532112,Wendy
51002035,Ryan
80780128,Justin And Chris
28166766,Joe & Shengyin
65238919,Alysson
154093134,Bill
81130557,Eric
8186843,Alyson
32377507,Hugo
19403115,Vince
13167330,Whitney
180568114,Michael
86157147,Lyle
19798992,Sarah
180921019,Jessica
167581406,Deana
3074414,Melissa
57758273,Steve
65158746,Bryan
145825193,John
36531198,Howard
65158746,Bryan
65158746,Bryan
27373768,Keith
6555745,Drew
145720154,Chima
181352202,"JoAnn, Marilyn, And Bernie"
181718441,Lara
819315,Martina
2445799,Allison
73484597,Lee
73484597,Lee
73484597,Lee
18220871,Karen
4899074,Christina
115520953,Scott & Marcy
1463321,Matt
3584275,Daniel
49518342,Jenny
68473905,Michan
182430196,Rosty
1183674,Lisa
17935405,Anna
71978718,Michael
169906511,Broadcast
50736702,Ed
29342973,Deirdre
824019,Linda
170418406,Faith
123468144,Wish
3074414,Melissa
183904081,Dawn
51002035,Ryan
30832,Siena C.C.
13634020,Camilo
184130624,Kimberly
171175671,Shirley
86157147,Lyle
69592020,Katharine
171644120,Nick And Jen
31929629,Mark
32058742,Martha & Josh And Joshua
36829073,Julie And Mark
114862900,Martin
19764040,Stephen
4924129,Kyle And Kelsey
107456887,Melissa
22763255,Brianne
6992010,Annie
36631556,Carmen
7060991,Alice
25443995,Alexander
173100599,Don
3265476,Regina & Bo
54812088,Lynne
16306173,Raj
8571236,Tareq
36594699,William
139928025,Farinaz
121688409,Evolve
12556594,Corey
38931617,Jill And Tim
2777549,Susan
253059,Marie
6918024,Renee
3561228,Stephanie
173881474,Zachary
170418406,Faith
174595902,Gordan
32301036,Stacia And Glenn
7060991,Alice
6358879,Jessica
1529273,Jason
31671769,Signy
23165254,Lux
18250886,Jay
174595902,Gordan
20130582,Hailey And Dave
9271026,Susan
142248716,Brian
25061321,Alex & Jose
5741615,Anne
78372476,Elta
16958396,Lily
2207157,Teresa
188164325,Daniel
5042380,John
6502788,Aleksey
175358193,Emma
36728465,Fang
30365082,Sarah
673091,Bernadette
3074414,Melissa
31306292,Danny
188692979,Seattle Property Management
175870728,Kay
1792450,Mikyla
639972,Eric
75802638,Kyle & Giulio
207773925,Lisa
95781196,Chris
86157147,Lyle
23940524,Sonja
189649805,Craig
22816006,Seth
56784852,William & Jimi
5038407,Rebecca
31551468,Sandra
183255783,Sydney
42532112,Wendy
25273190,Josh
10797296,Chin
49083043,Erik And Yvonne
3074414,Melissa
1729690,Liz
18214279,Candace And Nate
197120628,Marjo
145039691,Irena
22588057,Darcie
22588057,Darcie
197088162,Mandy
179604920,Alexandra
122537749,David
168817864,Pinnacle
114686154,Danae
190880343,Julia
27958289,Amy
29816532,Sean And Barbara
82970579,Bret
31873481,Andrew
24429939,Nicolas
66108199,Gabriel
115592523,Leland
75007954,Nathan
7261877,Melody
9129248,Ivan
2929539,Melody
2380805,Colette
1979300,Justin&Vicky
158911379,Elton
158097051,Adrian
198699423,Guy
3166566,Tim And Michelle
25181582,Sam
42151996,Neal
25181582,Sam
1259552,Nick
198922750,Joseph
5269812,Rachel
86157147,Lyle
54812088,Lynne
33360,Laura
16708587,Jill
4963359,Stephanie
188406168,Faye
192384957,Lisa
29591906,Lynda
192506392,Betsy
54812088,Lynne
54812088,Lynne
4730169,Magic
10686097,Vince
5325813,Greg
2517873,Heather
83669366,Thang
199763113,Marcela
75191775,Karlene And Jesper
198522296,David
192693420,Kit
87499342,Jeralyn
86893100,Larissa
17226758,Julie
4874276,Sarah
83669366,Thang
44101586,Regina
54812088,Lynne
54812088,Lynne
99393157,Ian
16870907,Melissa
3074414,Melissa
41190810,Kathleen
112624618,Jing
4874276,Sarah
2617674,Amy
9605860,Susan
16255476,Ken
138885843,Line
138924514,Vacasa Washington
1543665,Kaela
176236589,Regina
3074414,Melissa
200181630,Mike
71745609,Jerry
85076667,Sabrina & Perry
99537385,Daniel
9041726,Allory
28420265,Sherry
4942505,Tatiana
128131802,Nathalie
83669366,Thang
4730169,Magic
180545052,Robert
83142626,Johan
42532894,Betsy
38118149,Eric And Olga
43811,Anatoliy
1929340,Eli & Heather
194607395,Giselle & Ritchie
170418406,Faith
42726845,Laurie
4730169,Magic
190175335,Christy
185280607,Andrea & Lorenzo
101271848,Margaret And Tito
35019430,Anne
453540,Sid
107034992,Karen
30304047,Nathan
25273190,Josh
192506392,Betsy
203303514,Vu
17060550,Jayson
5486995,Tayyab
203271786,Jane
11559230,Kateryna
54812088,Lynne
111772553,Hellen
35469421,Kristin
111772553,Hellen
541036,Carly
6358879,Jessica
10737624,Aditya
17013860,Sam
25851366,Alasdair
123526690,Christie
4730169,Magic
751008,Elaine
4730169,Magic
190880343,Julia
4193,Jessica
205002407,Mollie & Dan
205081928,Phuong
20041587,Jacob And Jackie
63739097,Bill
40398665,Mariluz
3074414,Melissa
11464597,Charles
207122936,Patrick & Justine
203785194,Julia
11464597,Charles
27375109,Chris
12364405,Lise
100939883,Manard
21376171,Carrie
38110467,Eric
197363501,Melanie
82858202,Matthew
206056391,Anthony & Eva
65048930,Noam
51371268,Megan
2881621,Arthur And Jessica
183354712,Marc
89681,Liz
183354712,Marc
109169927,Charlie
17250269,Tom
4730169,Magic
13264825,Barbara
83331742,Dewey
49112899,Supriya
28766088,Ian
217216000,Danielle
208594257,Mark
7260100,Annastasia
208910211,Debbie
111066204,Erlinda
111066204,Erlinda
13264825,Barbara
218083172,Martha
200477568,M
15944284,Christopher
35964620,Stacey
33360,Laura
218332673,Bryant
115755479,Amie
188164325,Daniel
79354480,Alexa
86893100,Larissa
190507384,Cherry
11464597,Charles
23165254,Lux
13701143,Ali
36531198,Howard
136416705,Ardith
53552204,Randy
13701143,Ali
13701143,Ali
13701143,Ali
13701143,Ali
138924514,Vacasa Washington
61874761,Geoff
210731176,Tricia And Isaac
180543579,Anita
36960707,Akash
1838818,Kia
86157147,Lyle
5293864,Todd
220459099,On-Julie
61586257,Yuliya
1838818,Kia
21175146,Emily
19510043,Calvin
210794424,MightyHeidi
209532998,Sam
31720881,Al
38382317,David
118738966,Trung
3034912,Crissy
16425882,Mary
13701143,Ali
13701143,Ali
5259943,Sean & Caroline
207918249,Happy
7704718,Petya And Cooper
7717515,Wendy
51239878,Srinath
621691,Rachael
210983160,Kabir
30365082,Sarah
211908204,Charly & Linnea
53552204,Randy
16306173,Raj
13220175,Kristin
70225734,Cat
203784993,Josh
175731585,Lisa
65048930,Noam
215121392,Jane
34596895,Taylor
446639,Lael
865961,James
118600611,Joanna
212885663,A-Team
16537927,Amy Or Ian
21528698,Tara
82377119,Michael
42520514,Alison
7611538,Heather
32631462,Johanna
100605868,Sharebnb
127739147,Gordon
4730169,Magic
42942539,Kira
1028057,Kim
100208194,Brandon
3738871,Ashley
17169483,Kathleen
86157147,Lyle
224683101,Mark
50893,Chris
63986971,Alice
145720154,Chima
74727763,Malinda
224724210,Daniel
3074414,Melissa
224724210,Daniel
13681407,Roger
24127926,Rebekah And Jacob
216363005,West Seattle
2536,Megan
10697929,Jenn
63282757,Meghan
3074414,Melissa
194726811,Robert
29864534,Michael
11464597,Charles
4730169,Magic
212826084,Vacasa Washington
8186843,Alyson
1845341,Devin
230248235,Allyson
75658917,Mindy
108049935,Talman
201624129,Nancy
230270645,Martha
9885864,Sky
100208194,Brandon
133282491,Renate
56120416,Colleen
230715390,Sean
17342935,David
22653808,Ashley
292885274,Keyi
231340748,Alice
86157147,Lyle
231340748,Alice
18228620,Victoria
145720154,Chima
2946002,Jeff
777748,Michal
42942539,Kira
4371576,Ellen/ Tom
4746434,Stacy
127069597,Richard
82961680,Addison
233495521,Spencer
210731176,Tricia And Isaac
39834464,Vera
228162888,Khoi
162159097,Donald
228409668,Edward
234147890,Robert
56004960,Andrew
30559,Angielena
228443514,Peter
56004960,Andrew
3690557,Minh
5325329,Blair
235543653,Bernard
56004960,Andrew
10981379,Jan
235362223,Lora
10981379,Jan
10981379,Jan
10981379,Jan
11383663,David
39834464,Vera
54914134,Lea
21752052,SarahBeth
48005494,Zeus
48005494,Zeus
48005494,Zeus
54812088,Lynne
54812088,Lynne
30559,Angielena
3483619,Avtar
83196787,Lori & Greg
248084367,Frank
28379912,Daniel James
246852381,Robert
236442276,Kelley
1281652,Daniel
236572187,Karen
248962106,Eric
75632952,Nityia
183583319,Alex
15448957,Libby
7435040,Chengying
225034304,Julie
246829135,Christopher
4730169,Magic
15784748,Teresa
627014,Arlene
237294625,Cara
4719178,Liz
250118922,Ella
237650812,Aaron
142668104,Desiree
15502197,Kimberley
250175998,Holly And Matt
2497642,Nav
13774169,Peach
54521468,Rebecca
5687287,Hayden
43384036,Ronny
48005494,Zeus
49112899,Supriya
593515,Sarah
25851366,Alasdair
3031025,Andy
48005494,Zeus
93908277,Paema
250175998,Holly And Matt
173100599,Don
54521468,Rebecca
328476,Naoko & Henry
4730169,Magic
22135040,Alex
280827,Daniel
240134379,Patty
25322169,Rabecca
113716480,Waunda
110154,Norea
128323587,Yulia
112448661,Vacasa Seattle
1640101,Janice
103482739,Nate
78475236,Charles
251831101,Vince
187982569,Joyce
251831101,Vince
230287218,Dorothy
251831101,Vince
245014020,Grace
7593634,Dustin
38082225,Cecilia
2129659,Eowyn
241584087,Brian And Anh
48005494,Zeus
56004960,Andrew
48005494,Zeus
48005494,Zeus
253105562,Theo
25228552,Judy
198522296,David
39834464,Vera
48005494,Zeus
48005494,Zeus
243983185,Bindu
48005494,Zeus
253355372,Maria
28379912,Daniel James
41673708,Stephen
245014020,Grace
86157147,Lyle
20479130,Nicole & Cody
15502197,Kimberley
29688752,Tim
85038298,Kathleen
7002402,Elisabeth
4730169,Magic
19403115,Vince
19403115,Vince
19403115,Vince
7321624,Carlos A.
238167649,Nahele
17986403,Blair
245014020,Grace
48005494,Zeus
48005494,Zeus
50412282,Kelly & Will
253907249,Jay
40235104,Robert
82931049,Allison
7533180,Simon
121688409,Evolve
3074414,Melissa
16719911,Jingjing
48005494,Zeus
54660,Dennis
48005494,Zeus
36397791,Brennen
31306292,Danny
48005494,Zeus
247283146,Doug
124558729,Matt
124558729,Matt
124558729,Matt
124558729,Matt
85038298,Kathleen
247549339,Lindsay
2823295,David
123282042,Katya
173100599,Don
103364909,Hadi
9423452,Daniel
121688409,Evolve
37052599,Laurel
129299910,Amina
199447906,Chelsea
15547248,Nigel
48005494,Zeus
509820,Susan
138924514,Vacasa Washington
254786010,Alex
242417904,Amy
253535695,Alex
257232141,Yaru
3074414,Melissa
3074414,Melissa
39631451,Renee
41432369,Amanda
85076667,Sabrina & Perry
48005494,Zeus
48005494,Zeus
39834464,Vera
185368272,Peyman
42249183,Amanda
17932360,Kristi
4460223,Shane
229088971,Eza
26554998,Vanessa
244212300,Debbie
260296338,Rota
54812088,Lynne
79017320,Cristina
44510289,Erika
39834464,Vera
39834464,Vera
4333497,Ashley
13786062,Lucy
2434555,Mary Jo
79402947,The Turtle House
27267565,Gabrielle
267415666,Christopher David
60645407,Alyssa
55584831,Esther
250707031,Dan
86157147,Lyle
159900749,Douglas
267840066,Mark
185368272,Peyman
250707031,Dan
48005494,Zeus
48005494,Zeus
48005494,Zeus
48005494,Zeus
48005494,Zeus
48005494,Zeus
48005494,Zeus
48005494,Zeus
158256672,Sarah
16708587,Jill
48005494,Zeus
48005494,Zeus
48005494,Zeus
48005494,Zeus
15502197,Kimberley
48005494,Zeus
48005494,Zeus
48005494,Zeus
48005494,Zeus
48005494,Zeus
48005494,Zeus
48005494,Zeus
48005494,Zeus
48005494,Zeus
48005494,Zeus
48005494,Zeus
48005494,Zeus
14906470,Alec
3074414,Melissa
84385984,Ana
260293621,Michael And Elise
33745235,Zia
261689152,Kirsty
15502197,Kimberley
268799519,Andrew
261840044,Robert
8291981,Lynn
211011898,Marianne
9485643,Adjua
75319165,Rachel
41278972,Courtney
121688409,Evolve
253059,Marie
20959955,Joshua
80566034,Beata
12745402,Zack
262701290,Emmanuel
25061321,Alex & Jose
3188163,Giovannina
48005494,Zeus
269869520,Kim
262897311,Chris
3074414,Melissa
48005494,Zeus
270147913,Cj
28763024,Yoyo
217792435,Patrick
270297986,Alina
1526315,Bryan
173100599,Don
52577854,Lawrence
51816582,Fei
40306585,Dave And Martha
270823232,Angela
67763902,Bruce
27712111,Laura & Josh
54812088,Lynne
271101203,Alisha
78747231,Ian
263359462,Mike
263359462,Mike
85076667,Sabrina & Perry
5644416,Courtney
212826084,Vacasa Washington
112448661,Vacasa Seattle
271110898,Binh
19403115,Vince
263536057,Nate
263359462,Mike
263359462,Mike
85076667,Sabrina & Perry
270104354,The Maxwell Hotel
68756306,Justin
270104354,The Maxwell Hotel
270104354,The Maxwell Hotel
270104354,The Maxwell Hotel
270104354,The Maxwell Hotel
270104354,The Maxwell Hotel
270104354,The Maxwell Hotel
22990999,Rebecca
20822998,Karen
271704137,Ante
20272449,Amanda
4856099,Melissa
204028931,Alycia
51073671,Sonia
270113921,Hotel Five
19021868,Mark
145720154,Chima
270113921,Hotel Five
270113921,Hotel Five
270113921,Hotel Five
270113921,Hotel Five
270114059,University Inn
11886925,Alissa
862329,Prez & 'Keia
3867738,Willie
264641633,Mariko
44975633,Terry
25068452,Sharon
44975633,Terry
44975633,Terry
270114059,University Inn
270114059,University Inn
270114059,University Inn
270114059,University Inn
270114059,University Inn
270114169,Watertown Hotel
85739621,Leah
24485668,Eddie
270114169,Watertown Hotel
270114169,Watertown Hotel
270114169,Watertown Hotel
270114169,Watertown Hotel
270114169,Watertown Hotel
272628921,Terrence
123604493,Brian
16587333,Rob And Jessica
283980553,Karan
112448661,Vacasa Seattle
28420265,Sherry
39834464,Vera
39834464,Vera
39834464,Vera
157521745,Matt
244212300,Debbie
17227730,Will
54812088,Lynne
80110815,Rebecca
21376171,Carrie
47332984,Keith
3381564,Toby
39834464,Vera
55046933,Jennifer
39834464,Vera
273691250,Timothy
26592123,Kristina
274006405,Kerri
258206632,Jamie
17088076,M
282524520,Edith
88995260,Chris
274293565,Sandy
286787483,Michelle
184222969,D And J
13700761,Mariana
37289605,Georg
267655311,Guy
6645582,John
144495300,C
15880603,Colleen
183583319,Alex
48005494,Zeus
48005494,Zeus
48005494,Zeus
275133079,Dan
14860162,Jenn
6555745,Drew
275083908,Danae
48005494,Zeus
28420265,Sherry
275357383,Michelle
287464918,Logan
26969202,Wesley
112460997,Salina
158313246,Sam
7942852,Jeff
54660,Dennis
85888065,Kath & Dave
139296,Jeffrey
275841828,Yui & Ray
5101107,Grant
4313679,Kaili
255399130,Lane & Lloyd
289634407,Daisy
138924514,Vacasa Washington
276367369,Chia-Yu
19409558,Casey
289634407,Daisy
48005494,Zeus
48005494,Zeus
244234168,John David
48005494,Zeus
48005494,Zeus
48005494,Zeus
48005494,Zeus
48005494,Zeus
48005494,Zeus
52599704,Jesse & Maren
48005494,Zeus
2309350,Michelle
22934147,Alice
290356547,Anita
132859604,Katrina
277184119,Brenna & Joe
135554033,Eddie And Sherri
13716757,Tammara
242543461,HomeSlice
85724766,Jerry
8556381,Ginger
2127887,Elizabeth
6397518,Sean
28420265,Sherry
277452270,Candice
16425882,Mary
39834464,Vera
25150356,Kurt & Anna
278217375,Lifu
50785402,Anthony
5538193,Caleb
17517740,Baurjan
7506078,Lisa
8522669,Andrew
2085820,Beverly
293265806,Kris
29231103,Jackie
150996291,Leigh
47332984,Keith
42619492,Kari
235339261,Elizabeth
56261633,Damian
19403115,Vince
25961174,Brittany
293265806,Kris
147826931,Christopher
32154881,Angel
10162393,Ignacio
153234367,Madison
295202276,Elliot
279760783,Jazzmine
295252224,Arisa
86157147,Lyle
295439663,Holly
9291591,Jenna
48798316,Mariola
280697623,Tiffany
83441897,Grace
56784852,William & Jimi
77736056,Lindsay
56014166,Mara
281546377,Fanus
1658320,Tt
11855897,Merrily
258206632,Jamie
49297423,Greg
12038774,Seattle Rentals
209532998,Sam
40026044,Leah
121138895,Lara
202076352,Josh
10396357,Leif
25891765,Helen
298634303,Rosalie
71751880,Xiaoxi
168997773,Shelley
28420265,Sherry
38284695,Josie
89647336,John
48005494,Zeus
48005494,Zeus
48005494,Zeus
45915749,Heather
48005494,Zeus
48005494,Zeus
48005494,Zeus
48005494,Zeus
48005494,Zeus
198318816,Mayra
299023912,Steven And Claudia
269920467,Elizabeth
297760762,Christine
267667177,Harry
7435040,Chengying
9753561,Julia
1691585,Mike
14818123,Brian
2085820,Beverly
293785809,Marissa
4376788,Carla
87816533,Stefan
39834464,Vera
39834464,Vera
300549477,Nory
271793923,Winslow
300797655,Allison
59411393,Anita
12171359,Diane
2536735,Akiko
116740214,Luke
299224265,Ming
71550190,Nicole
130681888,Kristin
242543461,HomeSlice
42619492,Kari
35349062,Rhonda
18342756,Becky
271704137,Ante
38118149,Eric And Olga
2500100,Sonja
41304049,Bryan
314521613,Hunter
314521613,Hunter
3557909,Matthew
302194048,Charles
208691110,Brooke
253059,Marie
302638833,Jam
34956782,Starla
150488044,Toni Marie
66212362,Lessley
308979074,Samantha
54812088,Lynne
54812088,Lynne
230287218,Dorothy
13034648,Justin
39834464,Vera
303264614,Courtney
48256453,Kimberly
256460775,Manuel
1297175,Marianne
1121532,Melissa
170418406,Faith
48005494,Zeus
316200,William
9412057,Keri
9840816,Matthew
14239697,Sheldon
317888141,Joseph
299224265,Ming
4123883,Lola
216382627,Jay
91317596,Claudette
54812088,Lynne
297257820,David
26656825,Susan
55951081,Cary
61080732,Ben
82555495,Brian
295879716,Saving Grace Rescue
10623727,Greg
10430878,Gray
10974920,Adrienne
9429357,Steph
270114169,Watertown Hotel
308341497,Jocelia
88020855,Jonathan
305497504,Colleen
10289892,Nick
9783390,Angelika & Jim
14291665,Jerome
10618511,Aaron
54518454,Debra
84988450,Maia
125574189,Amanda
54518454,Debra
306328906,Kerry + 3
426112129,Abbie
2715103,Dea And Kay
39834464,Vera
98035103,Abhi
12514491,Danielle & Chris
70996371,Patrick
133871979,Joanne & Jonathan
31557123,Jen
58264095,Beth
151804061,Will
98049500,Robert
98049500,Robert
98049500,Robert
98049500,Robert
98049500,Robert
2789925,Kristen
39834464,Vera
39834464,Vera
39834464,Vera
39834464,Vera
39834464,Vera
25407483,Will
6378624,Drew
315170671,Jennie
218247536,Mauricio
20314218,Sara
39834464,Vera
39834464,Vera
99932610,"MGRE 105 Mercer, LLC"
111672499,Zach
145720154,Chima
3198637,Scott
192365131,Joline
217390660,Janae
17940075,Patty
26115808,Devon
309736353,Tiffany
9129248,Ivan
427090368,Missie
324027900,Alison
28420265,Sherry
10796075,Shardul
83331742,Dewey
42710251,LaCoov'S
254408545,Deborah
168997773,Shelley
199447906,Chelsea
328809295,Ales
126511331,Sherrie
84470311,Parker
107434423,Blueground
8916363,Paige
23165254,Lux
13045913,Lauren
78134139,Michael
94871259,Stephanie
325135786,Gabriela
121678213,Coleman
78134139,Michael
3264544,Fabio
54812088,Lynne
41216300,Sonja
3264544,Fabio
238425582,Allen Ç?®Ü?¯
54812088,Lynne
109645574,Jay
68432468,Nancy & Heather
73484597,Lee
73484597,Lee
73484597,Lee
21708595,Jonathan
73484597,Lee
73484597,Lee
73484597,Lee
330581543,Jeffrey
73484597,Lee
28763024,Yoyo
4940955,Michael
19403115,Vince
107434423,Blueground
19403115,Vince
107434423,Blueground
89647336,John
145720154,Chima
145720154,Chima
758632,Katie
29658855,Olessia
107434423,Blueground
107434423,Blueground
107434423,Blueground
107434423,Blueground
639972,Eric
121688409,Evolve
332637211,Janita
19604182,Claire
50402335,Mei
332701716,Lisa And Alex
22186709,Elena
48005494,Zeus
46188658,Pedro
123826516,Raven
235513348,Lina
107434423,Blueground
107434423,Blueground
107434423,Blueground
78372476,Elta
5974613,Rebekah
259251861,Brianna
8291976,Marla
11715008,Jeff
37795322,Mie
828164,Emily
107434423,Blueground
102454676,Pam & Gus
107434423,Blueground
107434423,Blueground
107434423,Blueground
106048207,Guillem
107434423,Blueground
107434423,Blueground
42951812,Shelley
11715008,Jeff
258796003,Julia
39834464,Vera
39834464,Vera
39834464,Vera
39834464,Vera
39834464,Vera
39834464,Vera
39834464,Vera
39834464,Vera
334342008,Capitol
212885663,A-Team
258796003,Julia
116740214,Luke
346462113,A-Team
191960035,Janine
34956782,Starla
87802215,Mandy
9295321,Michael
230287218,Dorothy
98049500,Robert
347066650,Zina
10181843,Kristin & Stuart
16727906,Tory
238425582,Allen Ç?®Ü?¯
107434423,Blueground
107434423,Blueground
107434423,Blueground
107434423,Blueground
243762276,Billy
6601753,Isabel
400489936,Allen Ç?®Ü?¯
400489936,Allen Ç?®Ü?¯
63978361,Thaison
112448661,Vacasa Seattle
28420265,Sherry
1522662,Samir
335973028,James
42619492,Kari
42619492,Kari
253535695,Alex
28420265,Sherry
359069961,Casey
66772521,Jessica
359069961,Casey
20493911,Kevin
78134139,Michael
201634344,Thomas
431339368,Alyssa
349435563,Richard
297257820,David
332037199,Hossein
4292542,Lisa
107076441,Karen
71751880,Xiaoxi
243782841,Gwyn
27705800,Katherine
349832761,Shawna
339761193,James
13931470,Eli
346462113,A-Team
297257820,David
190880343,Julia
417837518,Brandon
4859351,Carly
621691,Rachael
65846629,Julie
18110984,Amanda
66460783,Stefani
241584087,Brian And Anh
107434423,Blueground
107434423,Blueground
107434423,Blueground
9107439,Michael
35166626,David
111812937,Vacasa Washington
3074414,Melissa
39834464,Vera
37940201,Lori
230287218,Dorothy
277886691,Lynh
26679238,Vela
65158746,Bryan
53454809,Phuc
9065858,Briana
98049500,Robert
55931138,Gian
5554259,Jonathan
15588536,Ed
48674965,Marcy
9107439,Michael
80780128,Justin And Chris
295949636,Khynna
534305,Laurie
108351412,Bart
19755747,Kemal
109645574,Jay
230287218,Dorothy
32689598,Lori
12929465,Jon
86893100,Larissa
219526255,Sonder (Seattle)
219526255,Sonder (Seattle)
178658069,Bryan
219526255,Sonder (Seattle)
219526255,Sonder (Seattle)
219526255,Sonder (Seattle)
219526255,Sonder (Seattle)
177435971,Jianhua
359206433,Jon
116778777,Lynn
152359404,Bahia
16993,Syed
9561032,Kurtis
19403115,Vince
111812937,Vacasa Washington
164507760,Katherine
12621577,Brad
368468122,Caroline
3074414,Melissa
187206038,Chelsea
190507384,Cherry
35759435,Zoe
324764569,Kelly
359069961,Casey
359069961,Casey
107434423,Blueground
707453,Penny
48869167,Christopher
121688409,Evolve
17050325,Gina
51002035,Ryan
4730817,Dagny
3074414,Melissa
369487132,Barbara
84774732,Mardy And Kate
335170207,Irwan
39834464,Vera
39834464,Vera
111812937,Vacasa Washington
369731804,Jen & Connie
1037140,Miranda
156572674,Viraj
177435971,Jianhua
3074414,Melissa
28420265,Sherry
91020707,Dylan
3271086,Shelli
111812937,Vacasa Washington
107434423,Blueground
51002035,Ryan
8663396,Alvin
77028920,Nidhi
123979406,Shayan
177602036,Song
359069961,Casey
134569943,Terry
5741615,Anne
6372203,Darcy
22987830,Natalia
3074414,Melissa
107434423,Blueground
107434423,Blueground
35560959,Amy
5773546,Emmy
296438627,Sharon
10407182,Ben
7652593,Woody
6372203,Darcy
6372203,Darcy
6372203,Darcy
6372203,Darcy
107605,Al
50250626,One Fine BNB LLC
693388,Hannah
54660,Dennis
84891625,Lisa Yoga
359069961,Casey
107434423,Blueground
107434423,Blueground
107434423,Blueground
359069961,Casey
359069961,Casey
359069961,Casey
359069961,Casey
94459,Max
364725335,Doug
371227093,Lily
106926782,Rebecca
52999951,Jean-Paul
107434423,Blueground
21375318,Alyssa
107434423,Blueground
28379912,Daniel James
107434423,Blueground
107434423,Blueground
111812937,Vacasa Washington
400489936,Allen Ç?®Ü?¯
45345633,Pierre
107434423,Blueground
359069961,Casey
185394567,Laura
63944937,Jane
107434423,Blueground
107434423,Blueground
107434423,Blueground
107434423,Blueground
4252442,Ervin
404082594,Kyra
359069961,Casey
209142715,Ellen
54812088,Lynne
183583319,Alex
75333388,Hanh
10584593,Alejandra
107434423,Blueground
42157539,Heath
359069961,Casey
365815016,Seattle Property Management
48973090,Tareq
39834464,Vera
39834464,Vera
39834464,Vera
116740214,Luke
361224830,Rita
359069961,Casey
52885031,Michelle
9615311,Aleksander
19340919,Sol
107434423,Blueground
107434423,Blueground
17182418,Jane
3335257,Elliott
117708870,Luke
22987830,Natalia
147226914,Joan
10555118,John
26648538,Stewart
116610090,Cardell
25061321,Alex & Jose
6311660,Christine
18767847,Jennifer
65832379,Juliet
65832379,Juliet
65832379,Juliet
65832379,Juliet
65832379,Juliet
65832379,Juliet
3143442,Eric
19403115,Vince
3143442,Eric
52938312,Robin
258796003,Julia
374524587,CitizenM
3074414,Melissa
190507384,Cherry
107434423,Blueground
107434423,Blueground
359069961,Casey
107434423,Blueground
111812937,Vacasa Washington
15616324,Nicole
8009691,SeattleÉ??s Best Stay
373549227,Horace
359069961,Casey
359069961,Casey
371227093,Lily
94672054,Petra
107434423,Blueground
107434423,Blueground
371227093,Lily
25061321,Alex & Jose
259452426,Emma
107434423,Blueground
107434423,Blueground
229981914,Suzanna
39834464,Vera
26559947,Estelle
370026008,Dawn
380354778,John
38707958,Lindsey
54495132,Peter
46408947,Jennifer
327497273,Eytan
107434423,Blueground
111812937,Vacasa Washington
2103168,Tyson
49209595,Sam
316012822,Andrea
3381100,Josh
86157147,Lyle
12273725,Allison
107434423,Blueground
375701490,Andrew
359069961,Casey
19403115,Vince
74044576,Alaina
926885,Jamie & Kyle
126116834,Tom
107434423,Blueground
107434423,Blueground
107434423,Blueground
107434423,Blueground
107434423,Blueground
25110157,Eva & Sid
178727973,Tanesha
109283396,Alex
376210214,William
159774529,Christine
376210116,Ken
107456887,Melissa
359069961,Casey
51372899,Rachel
28379912,Daniel James
190880343,Julia
86157147,Lyle
37737562,Gabriel
357567003,Tugba
2237228,Mimi
297257820,David
12842009,Annie
340706410,Vince
19403115,Vince
263502162,Landing
19195664,Luay
72621687,Javad & Erin
22186709,Elena
8146482,Amy
359206433,Jon
296438627,Sharon
111812937,Vacasa Washington
173100599,Don
60650822,Dylan
44101586,Regina
44101586,Regina
107434423,Blueground
107434423,Blueground
107434423,Blueground
80566034,Beata
63818298,Jackie
48005494,Zeus
271793923,Winslow
377129678,Karen
383979288,Talitha
377129678,Karen
377129678,Karen
111812937,Vacasa Washington
383995762,James
269905219,Elisa
29819513,Alex
79736315,Christian
900531,Clay (Alex + Chego)
1595687,Elizabeth
286714970,Gilberto
56788455,Lura
78582329,James
986588,Chad
4460223,Shane
19403115,Vince
260425286,Stephen
3074414,Melissa
236572187,Karen
107434423,Blueground
372675263,SnoozeStay
3114561,Holly
92742089,Crystal
107434423,Blueground
107434423,Blueground
107434423,Blueground
372675263,SnoozeStay
107434423,Blueground
107434423,Blueground
354229,Jimmy C
3143442,Eric
11377707,Jason
54363958,Amy
1676880,Steven
385633049,Vijya
6372203,Darcy
103429068,Tarik
21939924,Christophe
385751732,Sheila
201624129,Nancy
11510476,Peter
271793923,Winslow
38387186,Jennifer
276540984,Julie
97217149,My Nhung
107434423,Blueground
107434423,Blueground
31751507,Rex
96486770,Steven
3677488,Camila
82122019,Jeff
297257820,David
3143442,Eric
3143442,Eric
3143442,Eric
340706410,Vince
77347820,Adriana C.
107434423,Blueground
107434423,Blueground
107434423,Blueground
3677488,Camila
28420265,Sherry
386420269,Kathryn
1729690,Liz
111812937,Vacasa Washington
105858130,Rebecca
168817864,Pinnacle
297257820,David
297257820,David
297257820,David
159544835,Noah
23857689,Kabino
100208194,Brandon
99932610,"MGRE 105 Mercer, LLC"
357567003,Tugba
266331121,Ibrahim
107434423,Blueground
107434423,Blueground
107434423,Blueground
28420265,Sherry
189432621,Gabriel
4856099,Melissa
19968060,Nadeen
4144919,Jen
386927387,Ciara
359069961,Casey
387457933,Ike
8472702,Mojdeh
10087066,Chris
2497649,Michael
39834464,Vera
190507384,Cherry
137763229,Sudha
8660724,Deb
10753226,Xiaodi
72771939,Devon And Allen
107434423,Blueground
8203540,Shannon
268081550,Olga
3677488,Camila
55592749,Kate
61705520,Tiffany
392008454,Vivian
99932610,"MGRE 105 Mercer, LLC"
2237228,Mimi
28452678,Belle
107434423,Blueground
107434423,Blueground
1729224,Marlow
111812937,Vacasa Washington
3108971,Andrew
75897682,Chris & Molly
62984756,Nova
35498588,Kaan
299224265,Ming
1676880,Steven
390273010,Christopher
99932610,"MGRE 105 Mercer, LLC"
99932610,"MGRE 105 Mercer, LLC"
388771176,Barbara
383875985,Sarah
35560959,Amy
209142715,Ellen
55710174,Allan
86157147,Lyle
3074414,Melissa
3074414,Melissa
57999409,Zach
44468083,Eva
39834464,Vera
39834464,Vera
86157147,Lyle
179254749,Andrew
68454593,Mitesh
107434423,Blueground
107434423,Blueground
3074414,Melissa
107434423,Blueground
1729224,Marlow
1729224,Marlow
107434423,Blueground
107434423,Blueground
107434423,Blueground
30559,Angielena
108156605,Betsy
99932610,"MGRE 105 Mercer, LLC"
3074414,Melissa
111812937,Vacasa Washington
393164752,Brian
56784852,William & Jimi
7155362,Ryan
373303,Nic
57999409,Zach
107434423,Blueground
107434423,Blueground
961775,Connor
16373615,Sydney
107434423,Blueground
107434423,Blueground
359069961,Casey
6919835,Tadd
377129678,Karen
377129678,Karen
101749361,Avery
80333752,Ashley & Mike
80333752,Ashley & Mike
17342935,David
35560959,Amy
107434423,Blueground
37257444,Javier
107434423,Blueground
107434423,Blueground
3074414,Melissa
1434762,Carol Jo
80333752,Ashley & Mike
107434423,Blueground
107434423,Blueground
23165254,Lux
163477356,Mikayla
39880373,Five Star Property
71751880,Xiaoxi
111812937,Vacasa Washington
107434423,Blueground
21506921,Will
3074414,Melissa
185368272,Peyman
166251012,Matt
30832,Siena C.C.
26069638,Helen
136125676,Saleem
194726811,Robert
107434423,Blueground
109258795,Craig
19075004,Corey
107434423,Blueground
5741615,Anne
18051175,James
6726676,Morgan
338413349,Bailee
111812937,Vacasa Washington
111812937,Vacasa Washington
111812937,Vacasa Washington
111812937,Vacasa Washington
391344196,Grace Cecilia
50412282,Kelly & Will
59411393,Anita
22698184,Khoa
21152439,Edin
59411393,Anita
182288299,Theresa
97862069,Krystof
158097051,Adrian
158764973,Shiwen
5761720,Marco
340706410,Vince
246829135,Christopher
116740214,Luke
107434423,Blueground
107434423,Blueground
107434423,Blueground
185272097,Hana
52577854,Lawrence
225461966,Rose
99932610,"MGRE 105 Mercer, LLC"
2872642,Casey
104952277,David
107434423,Blueground
39834464,Vera
68548903,Vivian
4463912,Trevor
20339860,Yumi
377129678,Karen
86369177,Kevin
4730169,Magic
39834464,Vera
39834464,Vera
39834464,Vera
39834464,Vera
375166113,Emily
20045771,Josh & Kimberly
3074414,Melissa
3074414,Melissa
188538325,Xiao
359069961,Casey
22556518,Brett
131000753,Moe & Oksana
100208194,Brandon
100208194,Brandon
12913415,Michelle
99932610,"MGRE 105 Mercer, LLC"
22059674,Deepika
1608733,Bean
1608733,Bean
1608733,Bean
1608733,Bean
90647253,Camille
107434423,Blueground
106551502,Daniel
58936064,Caitlin
20439734,Sarah
362445220,Ying
132896815,Lisa
399759096,Andrew
7506078,Lisa
359069961,Casey
39834464,Vera
357277,Matthew
107434423,Blueground
3074414,Melissa
107434423,Blueground
4730169,Magic
394977970,Hillary
396946288,The Charter
399919223,Erica
298721073,Ariaan
160392384,Jeff
23165079,Jared
4874276,Sarah
1608733,Bean
267653164,Hotel Theodore
1452570,Emily
4376788,Carla
99932610,"MGRE 105 Mercer, LLC"
54518454,Debra
289666185,Nhat
12584951,Jimmy
35563669,Priscilla
308591390,Hope
39834464,Vera
39834464,Vera
39834464,Vera
30670258,Matt
1608733,Bean
3074414,Melissa
158764973,Shiwen
59100690,Michael
1608733,Bean
24089598,Andy
99932610,"MGRE 105 Mercer, LLC"
25110157,Eva & Sid
31187125,Payton
213636683,Seema
1608733,Bean
1608733,Bean
26107449,Suzanne
80333752,Ashley & Mike
242754149,Janet
1452570,Emily
1608733,Bean
26334612,Tarik
107434423,Blueground
400489936,Allen Ç?®Ü?¯
400489936,Allen Ç?®Ü?¯
19304546,Nathaniel
171496186,Katie
86157147,Lyle
53363311,Daniel
107434423,Blueground
107434423,Blueground
445732930,Emilie
19304546,Nathaniel
1787819,Saint
49297423,Greg
24742368,Erik Mabry
23160576,Heather
126626529,Alfredo
39834464,Vera
3074414,Melissa
39834464,Vera
211742313,Ted
22986456,Gabriela
31213996,Shirley
82555495,Brian
182268086,Juliana
509820,Susan
107076441,Karen
6239614,Lindsay
3107506,Kim
3074414,Melissa
314324381,Sophari
1654423,Kimberly
445732930,Emilie
445732930,Emilie
357567003,Tugba
3502513,Jennifer
374079147,Lori
22060525,Luca
135715956,Scott
101285257,Jenny
79676296,Nick
5403550,Jamie
3074414,Melissa
28452678,Belle
328814696,KayMarie
66580878,Tom
136214203,Andre
33995288,Lilah & Nick
107434423,Blueground
107434423,Blueground
107434423,Blueground
107434423,Blueground
121688409,Evolve
3074414,Melissa
398313796,Coleen
23564070,Jason
118393044,Julie
28763024,Yoyo
28763024,Yoyo
1608733,Bean
1608733,Bean
1608733,Bean
1608733,Bean
1608733,Bean
64063733,Jill
3074414,Melissa
48005494,Zeus
263502162,Landing
48005494,Zeus
252665253,Erica
48416955,Jessica
236654939,Kenny & James
157567756,Tony
6171087,Becca
163477356,Mikayla
359069961,Casey
80566122,Katie
28420265,Sherry
3074414,Melissa
107434423,Blueground
107434423,Blueground
6198284,Elizabeth
401989179,Yang
359069961,Casey
119818549,Vanny
163261952,Viet
70281924,Quang
402210661,Foxglove
377129678,Karen
51150587,Ben
9107439,Michael
402330479,Tali
402210661,Foxglove
6802017,Kimberly
14677497,Mati
403710778,Kim
60916258,Claire
13079767,Christopher
52529498,Gaynor
9951683,Kelsey & Wes
396946288,The Charter
24602663,Jennifer
3074414,Melissa
66838530,Ahmadreza
405661538,Kottage On Kenyon
174595902,Gordan
396946288,The Charter
74368477,Thomas
40323640,Scott
246442225,Maheesa
41502911,Lori
53026081,Josey
3677488,Camila
3752499,Donna
11660403,Lesa
107434423,Blueground
107434423,Blueground
509986,Tamara
58929617,Rose
28420265,Sherry
138784466,Yooeun
405884343,Mark
74301373,Whitney
107434423,Blueground
386924759,Bob
7058575,Kristine
8660724,Deb
5630551,Chloe
114731080,Jerald
340706410,Vince
10289892,Nick
7697045,Danya
35560959,Amy
340706410,Vince
107434423,Blueground
107434423,Blueground
8292018,Peter
340706410,Vince
11268592,Mike
247975,Kevin And Monica
102237042,Mike
55574884,Paul
41101068,Elizabeth & Jordan
107434423,Blueground
107434423,Blueground
107434423,Blueground
107434423,Blueground
107434423,Blueground
1999339,Stella
9599228,Suzanna
406624338,Crystal
11273423,Chris
22783179,Mary Anne
402210661,Foxglove
402210661,Foxglove
402210661,Foxglove
60818835,Elinor
3074414,Melissa
35659500,Lisa
247088829,Edward
398317720,Joanne
30509873,Angela
21730644,Carolina
3074414,Melissa
54812088,Lynne
54812088,Lynne
54812088,Lynne
351880691,Michelle
180067733,Nick
404216288,Sahin
406988479,Adam
349247521,Onat
121688409,Evolve
36663869,Brianne
4560625,Erik And Kristi
150473705,Ryan
27411460,Sara
48005494,Zeus
14540599,Gus
68473905,Michan
1012040,Andrea
107434423,Blueground
18116192,Ercileen
5216008,Austin
403546810,Sean
6165010,Beth
28694313,Ken
233739499,Natalie
53487943,Shelly
16931784,Van
179254749,Andrew
396946288,The Charter
52529498,Gaynor
396946288,The Charter
80333752,Ashley & Mike
104127033,Jon
379462222,Enni
407924267,Christi
403721929,Benjamin
34314645,Chris
102291185,Cidmar
83432804,Lisa
3539890,Michael
407735842,Jian
163261952,Viet
405669947,David
1999339,Stella
5137566,Bonnie
406074997,Stephen
271610128,Ian
15288819,Neil
15288819,Neil
15288819,Neil
20329893,Katrina
67399442,Tc
409129017,Genesis
409129017,Genesis
409129017,Genesis
31558020,Max
275634850,Cory
408512841,Marie
111812937,Vacasa Washington
28420265,Sherry
402210661,Foxglove
3074414,Melissa
8190637,Chris
402210661,Foxglove
6179105,Seth
409726550,Telstar
192303333,Lauren
13930301,Ian
66647347,Rebecca
107434423,Blueground
314324381,Sophari
15944284,Christopher
3313235,Leslie
79576430,Jackie
401989179,Yang
111812937,Vacasa Washington
13700897,Pamela
150488044,Toni Marie
110075313,Emily
18887656,Emily
48674965,Marcy
60704884,Victor
252420579,Psalm
3074414,Melissa
379462222,Enni
341433634,Jeannie
359069961,Casey
78739455,Joe
341433634,Jeannie
410376039,Lee
65410799,Tamara
13930301,Ian
88779324,Rose
118851178,Tony
5941255,Shelly
5961811,Thaddaeus
152734194,Ella
198460829,Quela
340706410,Vince
4656446,Air Concierge
409129017,Genesis
111812937,Vacasa Washington
410570167,Jung
36677345,Collin
152734194,Ella
152734194,Ella
397766412,Tammy
33987530,Colleen
330727055,Chloe
68582895,Joanna
106972,Kelly
411134669,Anastasiia
412971138,Gary
73849177,Dustin
3335490,Jenny
158764973,Shiwen
9730102,(Email hidden by Airbnb)
121354307,Jessica
377129678,Karen
180543579,Anita
4656446,Air Concierge
30718066,Alan
124060715,Evolve
76261171,Changhwan
4942505,Tatiana
407735842,Jian
107434423,Blueground
107434423,Blueground
107434423,Blueground
107434423,Blueground
39088691,Vivian
122723469,Pierre
34118872,Mitchell
407735842,Jian
8009691,SeattleÉ??s Best Stay
26728349,Yvonne
13100444,Mark
409726550,Telstar
289549340,Brian
397723391,Jamie
19475092,Chris
104127033,Jon
407735842,Jian
25061321,Alex & Jose
162181553,Olivia
55993439,Mel
55993439,Mel
411777355,Micah
31664755,Natalie
16258444,Rowland
48005494,Zeus
40152005,Stephen
227147777,Atif
55993439,Mel
33119827,Maria
1121532,Melissa
180543579,Anita
44949379,Keith And Audrey
3422198,Coonoor
164833468,Binh
64704179,Diana
161841146,Patrick And Ellen
121688409,Evolve
46123709,Jim
44171252,Yoly
340706410,Vince
5308727,John
20238688,Raquel
402330479,Tali
98913111,Sarah
6066391,Andrew
16258444,Rowland
238425582,Allen Ç?®Ü?¯
39834464,Vera
107434423,Blueground
34797993,Lauren
44396588,Mariana
39834464,Vera
412463063,Chelsea
236420562,Henry
25110157,Eva & Sid
28420265,Sherry
243989608,Dylan
541036,Carly
111812937,Vacasa Washington
85091108,Tarah
170652190,Ian
415322199,Amy
124471331,Victor
81150668,Debbie
373292653,Henry
402330479,Tali
129774306,Casie
189578858,Katherine
359069961,Casey
28420265,Sherry
107434423,Blueground
27756359,Kristen And Barrett
80275196,John
386420269,Kathryn
34923136,Noelle
415709037,Quang
48005494,Zeus
78134139,Michael
27568875,Isaiah
47745000,Angelique
18494044,Nate
3685541,Kirsten
264641633,Mariko
3425781,Maggie
407735842,Jian
107434423,Blueground
417181434,Justin & Ashely
24212314,Kirsten
20493911,Kevin
4858949,Peter
101954506,Jeff
359069961,Casey
407735842,Jian
255614477,Sharifah
95178017,Albert
236572187,Karen
29666316,Mish
417867406,Louise
85120723,Catherine
417530134,Anne
416350114,Paul
372982351,Terence
280697623,Tiffany
271663656,Julie
79736315,Christian
1743126,Debi
107434423,Blueground
6171114,Daniel
359069961,Casey
417659573,Amara
3539890,Michael
107434423,Blueground
107434423,Blueground
366747971,LeeAna
6230976,Vesna
58264777,Anthony Dwayne
359069961,Casey
359069961,Casey
359069961,Casey
359069961,Casey
107434423,Blueground
407735842,Jian
80333752,Ashley & Mike
25110157,Eva & Sid
396713549,Viet
378977387,Andrew
33360,Laura
410506108,Chris
107434423,Blueground
107434423,Blueground
297257820,David
3351141,Eugenia
28420265,Sherry
28420265,Sherry
28420265,Sherry
419200748,Michelle
258796003,Julia
258796003,Julia
353152177,Plushy
28474071,Micah
152734194,Ella
407735842,Jian
409129017,Genesis
80259360,Cooper
135583295,Marcus
4614133,Nathan
19403115,Vince
419372984,Maggie
258796003,Julia
258796003,Julia
258796003,Julia
258796003,Julia
194808915,Colin
107434423,Blueground
107434423,Blueground
359069961,Casey
258796003,Julia
213636683,Seema
263945439,Drilona
399759096,Andrew
409129017,Genesis
94202110,Ruth
409129017,Genesis
398317720,Joanne
397179876,Salman
14695150,Amanda
121688409,Evolve
57809717,Ryan
24089598,Andy
17896612,Karly
199565129,Noah And Anastasiya
415326644,Sonny
402330479,Tali
402330479,Tali
1608733,Bean
3674895,Chris
1608733,Bean
15357605,Anna
409129017,Genesis
18930841,Claudia
106450267,Kim Ninh
107434423,Blueground
424861144,Andrea
104834083,Vacasa Washington
258796003,Julia
48005494,Zeus
258796003,Julia
107434423,Blueground
5439562,Bri
107434423,Blueground
107434423,Blueground
418776029,Judy
419818613,Thomas
3677488,Camila
24336313,Jeff
11346794,Jon
50250626,One Fine BNB LLC
42324567,Mike And MJ
42324567,Mike And MJ
91755483,David
107434423,Blueground
26231999,Natalie
419944140,David
42931551,Todd
104834083,Vacasa Washington
104834083,Vacasa Washington
99932610,"MGRE 105 Mercer, LLC"
341021109,Nahom
29666316,Mish
34118872,Mitchell
99932610,"MGRE 105 Mercer, LLC"
385511631,Sentral SLU
99932610,"MGRE 105 Mercer, LLC"
60818835,Elinor
48005494,Zeus
412922799,Megan
385520586,Sentral First Hill
258796003,Julia
41214779,Natasha
80333752,Ashley & Mike
258796003,Julia
258796003,Julia
258796003,Julia
258796003,Julia
29193395,Joseph
199744559,Spencer
1247007,Alex
18223187,Chuang
107434423,Blueground
107434423,Blueground
107434423,Blueground
99932610,"MGRE 105 Mercer, LLC"
187206038,Chelsea
264641633,Mariko
41432369,Amanda
285677887,Zane
65158746,Bryan
21749946,Teasha
3674895,Chris
407735842,Jian
107434423,Blueground
107434423,Blueground
107434423,Blueground
96038005,Alben
63674214,Liz
28763024,Yoyo
3220148,Marie
29193395,Joseph
35065561,Helen
403341889,Mike
80333752,Ashley & Mike
421146871,Rosalina
14104932,Margaret
4730169,Magic
354857797,Tyler
12389678,C??line & Kurt
116003864,Stephen
48005494,Zeus
207773925,Lisa
12397907,Nick
411134669,Anastasiia
345060168,Samita
378310820,Waverley
48005494,Zeus
48005494,Zeus
48005494,Zeus
48005494,Zeus
12649997,Amy
11377707,Jason
208594257,Mark
411134669,Anastasiia
246393790,Ken
340706410,Vince
4874276,Sarah
421608872,Lucas
340706410,Vince
340706410,Vince
340706410,Vince
340706410,Vince
340706410,Vince
340706410,Vince
340706410,Vince
102294510,Andrew
131000753,Moe & Oksana
28379912,Daniel James
423159304,Vanessa
402210661,Foxglove
157858903,Talour
359352438,Andrew
407735842,Jian
410010562,Sweetome
410010562,Sweetome
262124020,Jayson
410010562,Sweetome
410010562,Sweetome
340706410,Vince
49297423,Greg
340706410,Vince
340706410,Vince
4186409,Alessya
49297423,Greg
180543579,Anita
422565085,Marie-Josee
253059,Marie
340706410,Vince
340706410,Vince
195256306,Tiffany
18665153,Wendi
410010562,Sweetome
5439562,Bri
374054982,Joel
340706410,Vince
7435040,Chengying
398317720,Joanne
2426183,Lucia
422845059,Faizan
20427761,Robin
423935968,Philippe
27130675,Ted
23165079,Jared
368076748,Noreen
22416652,Diana
187206038,Chelsea
340706410,Vince
340706410,Vince
80333752,Ashley & Mike
80333752,Ashley & Mike
183750232,Tommy
219526255,Sonder (Seattle)
219526255,Sonder (Seattle)
107434423,Blueground
340706410,Vince
340706410,Vince
63674214,Liz
423026895,Juliana
6550306,Porscha
256317110,Jessica
28420265,Sherry
219526255,Sonder (Seattle)
5325329,Blair
396946288,The Charter
63674214,Liz
15740459,Kenny
340706410,Vince
3391101,Julian
152734194,Ella
340706410,Vince
10289892,Nick
31187125,Payton
14018935,James
340706410,Vince
7435040,Chengying
74011801,AnnaMaria
223891615,Ginny
189740568,Kimberly
5325329,Blair
165482347,Chenyu
152734194,Ella
2604746,Janet
1671337,Don
151190425,Sudip
7075688,Miguel
102905968,Daniel
37780269,Tracy
9360273,Graham
116740214,Luke
37780269,Tracy
39548482,Brad
138628389,Adaje
18055280,Claire
282560,Rama & Tania
425937581,Ryan
53187582,Jamie
425937581,Ryan
423026895,Juliana
24797644,Rodrigo
399759096,Andrew
116740214,Luke
314324381,Sophari
425400199,Mikaela
451467,Kristin
107434423,Blueground
107434423,Blueground
121688409,Evolve
425573747,Nixon
225034304,Julie
64929,Kate
114731080,Jerald
256317110,Jessica
7435040,Chengying
3074414,Melissa
7435040,Chengying
340994747,Hamy
7435040,Chengying
193954244,Teddy
369844359,Desiree
33252232,Taylor
142063843,Pauls
424931782,Jim
15135436,Nicolas And Jeanna
85916664,Royce
179254749,Andrew
8146482,Amy
145395136,Aditya
44373070,Natalie
199447906,Chelsea
425259438,Manisha
398317720,Joanne
104834083,Vacasa Washington
104834083,Vacasa Washington
104834083,Vacasa Washington
80333752,Ashley & Mike
398317720,Joanne
78134139,Michael
4656446,Air Concierge
386420269,Kathryn
28420265,Sherry
239130549,Haley
10903708,Jesse And Dot
426661122,Gary And Paula
421106528,Kenny
165390,SeattleStays - Seth Gordon
123468144,Wish
123468144,Wish
188927517,Yolanda
77535999,Jay
258796003,Julia
7008342,Heywood & Julia
253059,Marie
46771655,Abigail
63674214,Liz
258796003,Julia
230287218,Dorothy
20329893,Katrina
107434423,Blueground
213636683,Seema
27833938,Laura
25061321,Alex & Jose
107434423,Blueground
35476404,Sabrina
23955020,Carl
59626676,Michael
425920527,Mira
425937581,Ryan
425937581,Ryan
107434423,Blueground
107434423,Blueground
107434423,Blueground
107434423,Blueground
104834083,Vacasa Washington
20521336,Dave
59626676,Michael
51321207,Veronika
230287218,Dorothy
59626676,Michael
59626676,Michael
84970686,Cynthia Lu
107434423,Blueground
117925421,Vlad
406445079,Randi
425936962,Nick
314324381,Sophari
229088971,Eza
116610090,Cardell
199447906,Chelsea
314324381,Sophari
424931782,Jim
107434423,Blueground
107434423,Blueground
107434423,Blueground
427093209,Annalise
121020756,Brandon
425937581,Ryan
425937581,Ryan
425937581,Ryan
5325329,Blair
258796003,Julia
107434423,Blueground
107434423,Blueground
399759096,Andrew
425403279,Briona
3074414,Melissa
92529203,Arivany
107434423,Blueground
314324381,Sophari
418944932,2Plus
426237006,Shuqing
969503,Tierney
258796003,Julia
56773827,Shelley
525710,Libby
25110157,Eva & Sid
376039037,Hanley
21892416,Amanda
51016727,Sabranie
21892416,Amanda
167706794,Preeti
23498834,Alexandra
258796003,Julia
123468144,Wish
78134139,Michael
217106838,Ashlie
78134139,Michael
9429356,Nicolas
427025860,Marie
386420269,Kathryn
39834464,Vera
424931782,Jim
104834083,Vacasa Washington
23662629,Tim
104834083,Vacasa Washington
7729474,Caspar
7435040,Chengying
28420265,Sherry
36381569,Alex
118412894,Wendy
238425582,Allen Ç?®Ü?¯
99932610,"MGRE 105 Mercer, LLC"
385520586,Sentral First Hill
373549227,Horace
183750232,Tommy
162181553,Olivia
314324381,Sophari
429298797,Ryan
48416955,Jessica
23616276,Morgan
429183738,Daniel
107434423,Blueground
107434423,Blueground
35235304,Yang
255614477,Sharifah
429183738,Daniel
59208064,Howard
147197033,Ashley
10903708,Jesse And Dot
121688409,Evolve
100208194,Brandon
402210661,Foxglove
185272097,Hana
78200046,Rachel
89729299,Tiffany
287232239,Ester
297257820,David
77936783,Matt
314324381,Sophari
107434423,Blueground
429923812,Ahmad
340706410,Vince
430547728,Louis
410570167,Jung
183354712,Marc
430547728,Louis
65212742,John
107434423,Blueground
107434423,Blueground
107434423,Blueground
107434423,Blueground
423765042,Vone
33236866,Jonathon
11640857,Kristi
314324381,Sophari
21892416,Amanda
385511631,Sentral SLU
72191276,Baylee
207773925,Lisa
425060306,Joanne
430106444,Brandon
427025860,Marie
430106444,Brandon
107434423,Blueground
107434423,Blueground
107434423,Blueground
107434423,Blueground
107434423,Blueground
107434423,Blueground
219526255,Sonder (Seattle)
380711893,Michele
430106444,Brandon
219526255,Sonder (Seattle)
219526255,Sonder (Seattle)
238425582,Allen Ç?®Ü?¯
33299005,Devan
112624618,Jing
104834083,Vacasa Washington
63563313,Jane
104834083,Vacasa Washington
421146871,Rosalina
91755483,David
1643089,Brooke
80333752,Ashley & Mike
91755483,David
28420265,Sherry
80333752,Ashley & Mike
9819174,Xenia
46554969,Jessica
314324381,Sophari
104834083,Vacasa Washington
4656446,Air Concierge
4942505,Tatiana
121688409,Evolve
213636683,Seema
68756306,Justin
80333752,Ashley & Mike
429555775,Jessica
28420265,Sherry
429975853,Zachary
187206038,Chelsea
258796003,Julia
431747142,Cecil Bacon Manor
3857778,Justin
428664489,Lilli
17346153,Julia
430547728,Louis
258796003,Julia
119998477,Jennifer
14567633,Tina
44373070,Natalie
25714968,Nola
187206038,Chelsea
4858949,Peter
258796003,Julia
47655254,Anabela
258796003,Julia
428158592,Raghav
206208359,Ryan
428251214,Grace
187696116,Youying
397766412,Tammy
8009691,SeattleÉ??s Best Stay
445732930,Emilie
42693473,Bryan
361877040,Claire
432058918,Scott
430960014,Diana
258796003,Julia
1117175,Shimon
431425306,David
353152177,Plushy
258796003,Julia
23316438,Justin
412622282,Jordan
139011270,Lakshmi
37371892,Christa
1750768,Sue
2497413,Josh And Danya
107434423,Blueground
107434423,Blueground
107434423,Blueground
107434423,Blueground
430433073,Melissa
107434423,Blueground
107434423,Blueground
107434423,Blueground
107434423,Blueground
430956774,Evan
104834083,Vacasa Washington
415867520,Lea
5127387,Matt
428943342,Michael
370998684,Mary
144464133,Jorey
2085820,Beverly
767091,Cristian
419386771,Recreation
58642800,Lisa
430647091,Kaitlyn
32262937,Austin
92165936,Dan
316012822,Andrea
258796003,Julia
432527532,Wesley
310761349,Dev
432185937,Daniel
59411393,Anita
256317110,Jessica
25721147,Kelley
32169894,Laurie
432675332,Thang
6171563,L.
258796003,Julia
258796003,Julia
19484972,Isabell
96038005,Alben
148939282,Susannah
12178570,Mike
92529203,Arivany
23316438,Justin
258796003,Julia
20339860,Yumi
16976766,Nick
431747142,Cecil Bacon Manor
431747142,Cecil Bacon Manor
431747142,Cecil Bacon Manor
431747142,Cecil Bacon Manor
431747142,Cecil Bacon Manor
431747142,Cecil Bacon Manor
431747142,Cecil Bacon Manor
97052825,Shawn
79734048,Kathleen
435719143,Truc
432619069,Guadalupe
121688409,Evolve
398317720,Joanne
23165254,Lux
121688409,Evolve
339414830,Campbell | Skye
28379912,Daniel James
807116,Rae
366747971,LeeAna
314324381,Sophari
314324381,Sophari
398317720,Joanne
433937708,Skye
104834083,Vacasa Washington
385021064,Justin
109283396,Alex
314324381,Sophari
123468144,Wish
314324381,Sophari
433939368,Kellee
434923766,Duke
123468144,Wish
10623727,Greg
104834083,Vacasa Washington
79734048,Kathleen
267655311,Guy
420772388,Mandy
39063067,Hana
25110157,Eva & Sid
432527532,Wesley
257580933,Linh
1849458,Dawn Marie
398317720,Joanne
114587410,Ryker
106751031,Randi
436188583,John
46304181,Andrew
80333752,Ashley & Mike
19190587,Kim
42942539,Kira
71220324,Alexis
104834083,Vacasa Washington
258796003,Julia
436404870,Susan
434847038,Ana Lea
77347820,Adriana C.
436417936,Malcolm
109645574,Jay
104834083,Vacasa Washington
104834083,Vacasa Washington
3074414,Melissa
263243483,Luxorts
398317720,Joanne
37257444,Javier
107434423,Blueground
107434423,Blueground
92742089,Crystal
435051427,Beau
398317720,Joanne
435418838,Ribika
398317720,Joanne
258796003,Julia
38189524,Chris And Laura
48869167,Christopher
3850986,Ryan
374054982,Joel
80333752,Ashley & Mike
438819456,Hristina
436672049,Laura
38697694,Nick
50472118,Kaysie
107434423,Blueground
217390660,Janae
40623437,Seth
178506098,Amadou
377551439,Elpida
407865779,Jeanne
367697136,Mint House
367697136,Mint House
435043120,John
2611560,Joe
88566861,Kasa
439023898,Kim
88566861,Kasa
5887,Bianca
7435040,Chengying
209142715,Ellen
12086787,Marcus
209142715,Ellen
398317720,Joanne
152054016,Chanel
107434423,Blueground
107434423,Blueground
107434423,Blueground
3974279,Christian & Jen
439171297,Rand
1318156,Reed & Suz
314324381,Sophari
34797993,Lauren
107434423,Blueground
107434423,Blueground
437189329,Raymond
107434423,Blueground
163477356,Mikayla
213636683,Seema
385258819,Ray
436654232,Sophie
107434423,Blueground
107434423,Blueground
219526255,Sonder (Seattle)
132222445,Bryce
11553494,Jon
16414205,Karin
436654232,Sophie
436654232,Sophie
219526255,Sonder (Seattle)
50721606,Evalyne
157974527,Gary
79576430,Jackie
258796003,Julia
436653376,Jasmine
158613703,Kathleen
439171297,Rand
367697136,Mint House
439171297,Rand
11279351,Sarah
85162497,Deborah
238741480,Joe
439171297,Rand
439171297,Rand
107434423,Blueground
121688409,Evolve
44850521,Ali
2208131,Ross
50721606,Evalyne
3930205,Lisa
339414830,Campbell | Skye
398317720,Joanne
10087066,Chris
437027959,Diara
30175908,Kimberly
439867609,Michael
104834083,Vacasa Washington
99932610,"MGRE 105 Mercer, LLC"
436782022,Ashlan
415326644,Sonny
415326644,Sonny
258796003,Julia
258796003,Julia
438742325,Tammy
5469163,Shelley
5325329,Blair
263945439,Drilona
284039463,Ash
121688409,Evolve
99932610,"MGRE 105 Mercer, LLC"
432527532,Wesley
7435040,Chengying
438803462,Danni
24672125,George
258796003,Julia
241584087,Brian And Anh
107434423,Blueground
880937,Connie
7435040,Chengying
113480449,Tram
199447906,Chelsea
4942505,Tatiana
75299872,Courtney
50721606,Evalyne
3074414,Melissa
3074414,Melissa
61892067,Geri
437161942,Allana
36960707,Akash
271663656,Julie
271663656,Julie
107434423,Blueground
107434423,Blueground
107434423,Blueground
86157147,Lyle
36370441,Bridget
104834083,Vacasa Washington
104834083,Vacasa Washington
65159031,Deepa
441398074,Karla
107434423,Blueground
125457071,Jed
34779932,Marc
94125849,Derek
252868523,Aimee
8009691,SeattleÉ??s Best Stay
8009691,SeattleÉ??s Best Stay
441000509,Katherine
398339477,Ginny
125158710,Mingxia
435618797,Selina
115592523,Leland
48005494,Zeus
48005494,Zeus
312662739,Mackenzie
104834083,Vacasa Washington
299224265,Ming
97052825,Shawn
439171297,Rand
439171297,Rand
439171297,Rand
441857569,Caroline
60843140,Joel
441321609,Alex
102291185,Cidmar
107434423,Blueground
107434423,Blueground
107434423,Blueground
107434423,Blueground
127402958,Jeff
171385784,Vadim
82954285,Gretta
48005494,Zeus
90537892,Carolina
2744582,Malcolm
121688409,Evolve
398317720,Joanne
99932610,"MGRE 105 Mercer, LLC"
91504451,Cassie
90655724,Claire
7435040,Chengying
88566861,Kasa
125158710,Mingxia
88566861,Kasa
38082225,Cecilia
178613587,Terry
3074414,Melissa
104834083,Vacasa Washington
121688409,Evolve
104834083,Vacasa Washington
104834083,Vacasa Washington
207773925,Lisa
432371701,Rae
9167897,Derik
398317720,Joanne
107434423,Blueground
107434423,Blueground
107434423,Blueground
241584087,Brian And Anh
124789542,David
142452670,Casey
63728784,Moses
444050089,Ana
41551465,Aman
107434423,Blueground
107434423,Blueground
444069423,Claire
125158710,Mingxia
4656446,Air Concierge
104834083,Vacasa Washington
48005494,Zeus
107434423,Blueground
107434423,Blueground
107434423,Blueground
107434423,Blueground
107434423,Blueground
125158710,Mingxia
183583319,Alex
80333752,Ashley & Mike
255838177,Sterling
328889,Rob
359069961,Casey
49654701,Liqun
403552571,Topher
48638331,Nick
125158710,Mingxia
265276704,Yeuan-Wen
128560768,Jimmy
25110157,Eva & Sid
37843551,Tony
340706410,Vince
213636683,Seema
13634020,Camilo
37843551,Tony
403341889,Mike
107434423,Blueground
107434423,Blueground
107434423,Blueground
107434423,Blueground
107434423,Blueground
14170421,Bisoye
107434423,Blueground
442933026,Modern Home
38719999,Skye
443308434,Alandra
14410931,Ben
25110157,Eva & Sid
107434423,Blueground
107434423,Blueground
112624618,Jing
76250871,Renessa
121688409,Evolve
107434423,Blueground
107434423,Blueground
107434423,Blueground
20656972,David
436672049,Laura
436672049,Laura
271110898,Binh
48005494,Zeus
429003869,Gianna
125158710,Mingxia
73618790,Cary
5944038,Giselle
107434423,Blueground
60646339,Lisa
11640857,Kristi
104834083,Vacasa Washington
398317720,Joanne
398317720,Joanne
445730498,Truc
4137246,Joshua
3074414,Melissa
48005494,Zeus
83220617,Alexia
175660704,Jocelyn
67798837,Mary
246393790,Ken
25110157,Eva & Sid
1619557,Jema
128153634,Dawn
143060164,Todd
312662739,Mackenzie
9060841,Ruby
208528873,Matthew
200662655,Korina
28420265,Sherry
438202276,Kevin
241568755,Jen
51372899,Rachel
50402335,Mei
435998927,Marvin
36572060,Courtney
20938463,Beth
10351635,Maranda
179254749,Andrew
446085930,Adis
446436639,Frank
386420269,Kathryn
61892067,Geri
447294178,Alaina
110276146,Shajji
314324381,Sophari
104834083,Vacasa Washington
446597020,Gabriela
104834083,Vacasa Washington
86601911,Cameron
298721073,Ariaan
3074414,Melissa
6909470,Kristin
71132731,Dani
4071088,David
447658179,Hai
10211989,Michelle
446538637,Vacasa Washington
428305135,Makini
446538637,Vacasa Washington
446538637,Vacasa Washington
446539146,Vacasa Washington
104834083,Vacasa Washington
104834083,Vacasa Washington
258796003,Julia
446539146,Vacasa Washington
446538637,Vacasa Washington
446538637,Vacasa Washington
446538637,Vacasa Washington
446539146,Vacasa Washington
446539146,Vacasa Washington
446539146,Vacasa Washington
446539146,Vacasa Washington
446539146,Vacasa Washington
446539146,Vacasa Washington
446539146,Vacasa Washington
446539146,Vacasa Washington
446539146,Vacasa Washington
446539146,Vacasa Washington
446539146,Vacasa Washington
446539146,Vacasa Washington
5325329,Blair
63986971,Alice
446539146,Vacasa Washington
446539146,Vacasa Washington
446539146,Vacasa Washington
446539146,Vacasa Washington
446539146,Vacasa Washington
446539146,Vacasa Washington
446539146,Vacasa Washington
446539146,Vacasa Washington
446538637,Vacasa Washington
446538637,Vacasa Washington
446538637,Vacasa Washington
446539146,Vacasa Washington
446539146,Vacasa Washington
446539146,Vacasa Washington
446538637,Vacasa Washington
446538637,Vacasa Washington
446539146,Vacasa Washington
446539146,Vacasa Washington
446539146,Vacasa Washington
446539146,Vacasa Washington
258796003,Julia
258796003,Julia
258796003,Julia
446539146,Vacasa Washington
446539146,Vacasa Washington
446539146,Vacasa Washington
446539146,Vacasa Washington
446539146,Vacasa Washington
446539146,Vacasa Washington
159891328,Emily
71979031,Jim&Brooke
299224265,Ming
189505766,Robert
1606510,Debra Ann
92742089,Crystal
39834464,Vera
92742089,Crystal
428155868,Thu
425623610,Courtney
76815241,Jordan
26492836,Leah
448774474,Ki
107434423,Blueground
69252269,Karishma
7697679,Debby
22060525,Luca
4376788,Carla
65158746,Bryan
102005751,Chris
4376788,Carla
448595855,Stephanie
104834083,Vacasa Washington
229095817,Loftium
72193598,Sai
423366262,Jocelyn
1363229,Jack
121688409,Evolve
124471331,Victor
6179105,Seth
241568755,Jen
2085932,Jarlath
3074414,Melissa
99932610,"MGRE 105 Mercer, LLC"
451529279,Nona
10833493,Connor
99259012,Jeff
398317720,Joanne
268194768,Rebecca
386420269,Kathryn
386420269,Kathryn
107434423,Blueground
107434423,Blueground
398317720,Joanne
398317720,Joanne
38770752,George
432527532,Wesley
258796003,Julia
176643329,Emily
107434423,Blueground
48005494,Zeus
359069961,Casey
421964201,Joshua
127069597,Richard
48005494,Zeus
2996095,Des
314324381,Sophari
104834083,Vacasa Washington
402873285,Steph
87664227,Remote Relocations
29076304,June
26231999,Natalie
123468144,Wish
107434423,Blueground
258796003,Julia
107434423,Blueground
107434423,Blueground
107434423,Blueground
48005494,Zeus
17170856,Rosalinda
142348751,Peter
258796003,Julia
452014951,Level Seattle
51856061,Maggie
107434423,Blueground
452014951,Level Seattle
432675332,Thang
107434423,Blueground
107434423,Blueground
107434423,Blueground
107434423,Blueground
452014951,Level Seattle
386420269,Kathryn
452014951,Level Seattle
432527532,Wesley
452014951,Level Seattle
452014951,Level Seattle
452014951,Level Seattle
452014951,Level Seattle
152734194,Ella
123468144,Wish
2881621,Arthur And Jessica
25319995,Bory
441179930,Grant
48005494,Zeus
450035777,Kim
48005494,Zeus
22204232,Hillel
65159031,Deepa
230287218,Dorothy
92742089,Crystal
398317720,Joanne
5163147,Zenobia
44877097,Matthew
4656446,Air Concierge
61892067,Geri
3974279,Christian & Jen
3147600,Mellington And Oliver
25407483,Will
24952573,Kiran
110371594,Jonathan
450366191,Christopher
107434423,Blueground
13700761,Mariana
23165254,Lux
23165254,Lux
96383376,Miranda
450537528,Georgia
314324381,Sophari
379462222,Enni
449870098,Jennifer
299301044,Darcy
104834083,Vacasa Washington
104834083,Vacasa Washington
407735842,Jian
107434423,Blueground
199447906,Chelsea
107434423,Blueground
30847377,Suparna
107434423,Blueground
99932610,"MGRE 105 Mercer, LLC"
107434423,Blueground
107434423,Blueground
107434423,Blueground
107434423,Blueground
107434423,Blueground
48441443,Savannah
13936276,Brad
453076802,Terece
432527532,Wesley
88566861,Kasa
453085054,Mahsa
51704372,Hemant
19048175,Pam
439304067,Stacey
151190425,Sudip
104834083,Vacasa Washington
107434423,Blueground
107434423,Blueground
107434423,Blueground
107434423,Blueground
372982351,Terence
7881708,Nathan
48005494,Zeus
207773925,Lisa
28420265,Sherry
432675332,Thang
48646454,Isaac
454217757,David
107434423,Blueground
451090013,Erika
72342735,Raishelle
418944932,2Plus
238425582,Allen Ç?®Ü?¯
47332984,Keith
6137030,Stephen
66843233,Keith
107434423,Blueground
107434423,Blueground
107434423,Blueground
258796003,Julia
424482132,Julie
107434423,Blueground
107434423,Blueground
107434423,Blueground
107434423,Blueground
359069961,Casey
411134669,Anastasiia
1400144,Eric
104834083,Vacasa Washington
87980538,Karen
48005494,Zeus
115845030,Jared
121377906,Glen
230287218,Dorothy
419524150,Malika
171628253,Nanda And Dave
446597020,Gabriela
258796003,Julia
150488044,Toni Marie
88569866,Judy
51517056,Keith & Lauren
456675170,Tara
448465822,Range
25319995,Bory
25361693,Tobie
42208598,Michelle
289666185,Nhat
152734194,Ella
359069961,Casey
9364055,Porpoise
99932610,"MGRE 105 Mercer, LLC"
3169976,Valerie
22414188,Grace
258796003,Julia
107434423,Blueground
460561,Elizabeth
109283396,Alex
457152560,Kevin
455198699,Kenneth
56124518,David
25110157,Eva & Sid
357567003,Tugba
6897415,Julie
8009691,SeattleÉ??s Best Stay
4656446,Air Concierge
9460263,Malina
263502162,Landing
107434423,Blueground
99528063,Ali
178324623,Dennis
69399109,Kevin
386420269,Kathryn
54812088,Lynne
93669300,Emma
86206483,Lucia
54812088,Lynne
48005494,Zeus
456516071,Keke
419386771,Recreation
258796003,Julia
407735842,Jian
452014951,Level Seattle
273803822,Ling
452014951,Level Seattle
1363229,Jack
452014951,Level Seattle
452014951,Level Seattle
452014951,Level Seattle
452014951,Level Seattle
452014951,Level Seattle
452014951,Level Seattle
421139012,Kath
706333,Jen
390701076,Talya
121688409,Evolve
30847377,Suparna
455695696,Hung
310761349,Dev
457993631,Nina
41320477,Sicong
25319995,Bory
455232018,Emily
33439044,Aharon
12429415,Ian
56740985,Chantel
48005494,Zeus
162181553,Olivia
17467433,Ryan
245850631,George
448465822,Range
458157681,Christine
110276146,Shajji
110276146,Shajji
21829341,Mun
107434423,Blueground
40306585,Dave And Martha
451292470,Opulent
37580299,Marc
455238316,Ben
258796003,Julia
48005494,Zeus
453848568,Tori
446550842,Stay
28653007,Andrew
258796003,Julia
451696212,Jordan
165390,SeattleStays - Seth Gordon
46301279,Arich
29667826,Courtney
458295751,Emma
215426444,Emily
3129714,Qing
107434423,Blueground
107434423,Blueground
107434423,Blueground
107434423,Blueground
107434423,Blueground
107434423,Blueground
107434423,Blueground
107434423,Blueground
104834083,Vacasa Washington
9060841,Ruby
107434423,Blueground
107434423,Blueground
383784618,John
48646454,Isaac
48646454,Isaac
215426444,Emily
107434423,Blueground
107434423,Blueground
107434423,Blueground
394977970,Hillary
104834083,Vacasa Washington
131000753,Moe & Oksana
275126297,Mike
86320269,Ora
104834083,Vacasa Washington
107434423,Blueground
107434423,Blueground
107434423,Blueground
45915749,Heather
99932610,"MGRE 105 Mercer, LLC"
257789356,Candace
458157681,Christine
458157681,Christine
107434423,Blueground
107434423,Blueground
409129017,Genesis
86175230,Hoang
258796003,Julia
263502162,Landing
458906403,CitizenM
107434423,Blueground
429003869,Gianna
6137030,Stephen
432527532,Wesley
455358496,Elizabeth
18817973,Sarah
258796003,Julia
456516071,Keke
258796003,Julia
3189785,Bryce
107434423,Blueground
123468144,Wish
19813300,Jeannie
121688409,Evolve
121688409,Evolve
278405609,Nikk
459759856,Ruben
11026751,Oliver
18690290,Nathan
263502162,Landing
107434423,Blueground
107434423,Blueground
4656446,Air Concierge
161070422,Devin
151190425,Sudip
461777855,Heather
395614,Rabbu
107434423,Blueground
107434423,Blueground
107434423,Blueground
104834083,Vacasa Washington
69090648,Christopher
386420269,Kathryn
432527532,Wesley
432527532,Wesley
431498801,Adam
354857797,Tyler
215426444,Emily
359069961,Casey
12969889,David
172036746,Lilly
107434423,Blueground
107434423,Blueground
25110157,Eva & Sid
40623437,Seth
309387078,Hung
107434423,Blueground
359069961,Casey
462250797,Steve
47132895,Judith
18744758,Chase
398317720,Joanne
31187125,Payton
1121532,Melissa
359069961,Casey
86157147,Lyle
263502162,Landing
88569866,Judy
263502162,Landing
26180017,Matt
263502162,Landing
263502162,Landing
263502162,Landing
3034912,Crissy
107434423,Blueground
107434423,Blueground
107434423,Blueground
107434423,Blueground
107434423,Blueground
107434423,Blueground
107434423,Blueground
263502162,Landing
263502162,Landing
407735842,Jian
432527532,Wesley
460601178,Kareem
104834083,Vacasa Washington
462408573,Anna
432527532,Wesley
280978508,Richard
301062647,LeaAnn
15672916,Dani
359069961,Casey
4392534,Lj
20439734,Sarah
147540791,Susan
4608651,Maureen
398317720,Joanne
48441443,Savannah
3034912,Crissy
247088829,Edward
7435040,Chengying
427021161,Lia
247088829,Edward
19484972,Isabell
258796003,Julia
258796003,Julia
462796256,Ming
2048007,John
92380335,Tasha
104834083,Vacasa Washington
49509884,Minh
43446280,Felle & Billy
238425582,Allen Ç?®Ü?¯
386420269,Kathryn
107434423,Blueground
107434423,Blueground
107434423,Blueground
107434423,Blueground
6137030,Stephen
5479720,J'Aime
407735842,Jian
136424005,Gunnar
325135786,Gabriela
461092923,Luis
99932610,"MGRE 105 Mercer, LLC"
390701076,Talya
3129714,Qing
7652593,Woody
54812088,Lynne
54812088,Lynne
5479720,J'Aime
143060164,Todd
26648538,Stewart
26648538,Stewart
107434423,Blueground
461777855,Heather
461228814,Emma
461925085,Stephine
459759856,Ruben
3129714,Qing
2144954,Ryan
31727383,Mario
25110157,Eva & Sid
28420265,Sherry
3129714,Qing
3129714,Qing
263502162,Landing
398317720,Joanne
107434423,Blueground
122586837,Sabrina
445116902,Althea
461476302,Seth Michael
403135801,Brad And Charlie
288485601,Hoyt And Hailey
1393423,Lori
24134769,Tomas
86175230,Hoang
398317720,Joanne
145720154,Chima
107434423,Blueground
433604399,Athena
359069961,Casey
452014951,Level Seattle
39834464,Vera
48088339,Maja
5755632,Seth
107434423,Blueground
386420269,Kathryn
7435040,Chengying
462848923,Rooftop Home
257179816,Bryson
398317720,Joanne
398317720,Joanne
84176232,Joy
459404967,Julie
317871568,Sakura
26231999,Natalie
245855406,Shannon
1543665,Kaela
52709505,Rain
21374074,Christopher
121688409,Evolve
136987314,Qing
179687197,Minh
1639677,Howard
3114288,Pj And Joe
384965760,Gene
92742089,Crystal
151184281,Blue Lotus LLC
150314867,Shannon
25749669,ZhiÉ??Hong
25749669,ZhiÉ??Hong
403793744,Sherief
951427,Robert And Susan
254175334,Fiia
226403339,Jen And Carson
358292517,Royce
437189329,Raymond
403793744,Sherief
403793744,Sherief
403793744,Sherief
61308056,John
201689124,Joshua & Gretchen
12156808,Mandy & Andy
67661991,Prashant
457530182,Aaron
38862898,Jill
317871568,Sakura
44206980,Anna
407971877,Marcus
10477566,David
96336138,Jason
435279521,Nathan
64209525,Nick
5433085,Kilian
416716660,Matt
149757297,Ken & Evie
33439044,Aharon
363144876,Shantario
384256,Chelsea & Dave
120431033,Adam
6865216,Josh & Mary
384396856,Sunrise4You
445273065,Della
2882164,John
415922564,Wing Sze
19976706,Chris
2172953,Dominique
22491290,Karla
104834083,Vacasa Washington
446539146,Vacasa Washington
2372743,Radley
70419605,Victoria
221730050,Dianna
79402947,The Turtle House
364593250,Morgan
64695502,Cindy
250973022,Phuong
13103462,Michelle
336685365,Ghassimu
347488368,Trisna
44206980,Anna
30152481,Stuart
13200167,Kumail
449841540,Yan
44206980,Anna
414195658,Gebremeskel Haile
400489936,Allen Ç?®Ü?¯
301531648,Jeremy
28804977,Mason
342103777,Mary
10104021,Jiang
28991907,Kelcey
1121532,Melissa
53040016,Yvonne
418964723,Rita
407971877,Marcus
403793744,Sherief
138170760,Michael
448257792,Hyacinth
35786414,Mike
270868909,Mohamed
1531505,Gregory
151184281,Blue Lotus LLC
112448661,Vacasa Seattle
48180916,Kim
151184281,Blue Lotus LLC
427694626,Joanna
151184281,Blue Lotus LLC
151190425,Sudip
25749669,ZhiÉ??Hong
25749669,ZhiÉ??Hong
951427,Robert And Susan
166666674,Bruce
151184281,Blue Lotus LLC
403793744,Sherief
64947392,Joshua
403793744,Sherief
403793744,Sherief
225993867,Isabel
11695032,Ione
75556713,Bridgette
86614640,Michael
193023955,Miss V
952510,Janet
4994359,Linda
120294050,Brian & Amara
41431805,Meeka And Tony
11700431,Gregg
212991727,Courtney
310761349,Dev
310761349,Dev
10373794,Laurie
88559640,Linda And Frank
7536766,Donovan & Jodi
4994359,Linda
890326,Timothy
254175334,Fiia
193023955,Miss V
4994359,Linda
442423321,Cas
401457048,Moriah
4873200,Abby
7076008,Ed
459383756,Regina
828164,Emily
264204895,Juliano E
422214775,Hao
23165254,Lux
121968404,Matt
317871568,Sakura
2033580,Anthony
398317720,Joanne
446539146,Vacasa Washington
423765042,Vone
25383292,Margaret
30162646,Nazmus
403563664,Dan
25443744,Marcela
58094332,Sade
427694626,Joanna
248072706,Y
104834083,Vacasa Washington
74326477,Janardhana
30476604,Senait
51601507,Basanta
5357895,Ashley
151190425,Sudip
28427503,Beth
302194048,Charles
54812088,Lynne
435279521,Nathan
2399211,P Janine
66772521,Jessica
121688409,Evolve
182110432,Meredith
53040016,Yvonne
390968710,Huy
41500811,Frank
38014746,Desiree
29934463,Roger
114228,Kelly
51928443,Cathy
435279521,Nathan
228319510,Aliah
58893849,Tom
46186003,Haydee
43954679,Karls
11021782,Jakub
58786324,Haley
68158352,Mj
415922564,Wing Sze
366976472,Dania
47740883,Julee
203660825,Paul
120945981,Mai
22055187,Marcia
129468832,Tracie
58304996,Maggie
155125933,Dorie
446539146,Vacasa Washington
449841540,Yan
446543072,Jessie
346950622,Neva
22491290,Karla
346950622,Neva
7450358,Sandy Graham
151190425,Sudip
250973022,Phuong
161841146,Patrick And Ellen
58094332,Sade
136654539,Mulu
303164459,Ann
111056987,Alan
65158746,Bryan
415922564,Wing Sze
193023955,Miss V
238425582,Allen Ç?®Ü?¯
20913634,Esa
32780335,Frederica
28319832,Jason
44206980,Anna
115260507,Chantal
459418464,Gabriel
446543072,Jessie
230287218,Dorothy
435279521,Nathan
7403745,David
18329294,Daniel
449841540,Yan
435279521,Nathan
121688409,Evolve
435279521,Nathan
4431048,Elena
79161297,Victoria
435279521,Nathan
286889835,Jonathan
250973022,Phuong
13996868,Nora J
70419605,Victoria
228332961,Ray
250973022,Phuong
156837004,Robert
147842330,Robert
23227917,Jules
126511331,Sherrie
20913634,Esa
17523418,Sandra
28319832,Jason
30317824,Liz
188538325,Xiao
268241047,Pah-Tu
16438135,Lane
427885837,Nhung
51601507,Basanta
151190425,Sudip
44206980,Anna
381147191,Tim
5068266,Michele
218454418,Eunice
415922564,Wing Sze
121688409,Evolve
357352292,Craig N Joetta
23724256,Mary And Howard
23629550,Christie
13200167,Kumail
230287218,Dorothy
378152763,Samantha
65802228,Linda
18200384,Demi
414338593,Sonal
216673757,Elisabeth
36390224,Stacee And Casey
3903741,Ariel
268690467,Jose Manuel
448872479,Lulu
433024286,Taneisha
